CASE_ID,ACCIDENT_YEAR,PROC_DATE,JURIS,COLLISION_DATE,COLLISION_TIME,OFFICER_ID,REPORTING_DISTRICT,DAY_OF_WEEK,CHP_SHIFT,POPULATION,CNTY_CITY_LOC,SPECIAL_COND,BEAT_TYPE,CHP_BEAT_TYPE,CITY_DIVISION_LAPD,CHP_BEAT_CLASS,BEAT_NUMBER,PRIMARY_RD,SECONDARY_RD,DISTANCE,DIRECTION,INTERSECTION,WEATHER_1,WEATHER_2,STATE_HWY_IND,CALTRANS_COUNTY,CALTRANS_DISTRICT,STATE_ROUTE,ROUTE_SUFFIX,POSTMILE_PREFIX,POSTMILE,LOCATION_TYPE,RAMP_INTERSECTION,SIDE_OF_HWY,TOW_AWAY,COLLISION_SEVERITY,NUMBER_KILLED,NUMBER_INJURED,PARTY_COUNT,PRIMARY_COLL_FACTOR,PCF_CODE_OF_VIOL,PCF_VIOL_CATEGORY,PCF_VIOLATION,PCF_VIOL_SUBSECTION,HIT_AND_RUN,TYPE_OF_COLLISION,MVIW,PED_ACTION,ROAD_SURFACE,ROAD_COND_1,ROAD_COND_2,LIGHTING,CONTROL_DEVICE,CHP_ROAD_TYPE,PEDESTRIAN_ACCIDENT,BICYCLE_ACCIDENT,MOTORCYCLE_ACCIDENT,TRUCK_ACCIDENT,NOT_PRIVATE_PROPERTY,ALCOHOL_INVOLVED,STWD_VEHTYPE_AT_FAULT,CHP_VEHTYPE_AT_FAULT,COUNT_SEVERE_INJ,COUNT_VISIBLE_INJ,COUNT_COMPLAINT_PAIN,COUNT_PED_KILLED,COUNT_PED_INJURED,COUNT_BICYCLIST_KILLED,COUNT_BICYCLIST_INJURED,COUNT_MC_KILLED,COUNT_MC_INJURED,PRIMARY_RAMP,SECONDARY_RAMP,LATITUDE,LONGITUDE,COUNTY,CITY,POINT_X,POINT_Y
6046638,2013,2014-02-18,9760,2013-04-18,1710,18754,,4,2,9,4200,0,2,4,,2,026,"CATHEDRAL OAKS RD","TURNPIKE RD",0.00,,Y,A,-,N,,,,,,,,,,N,4,0,1,2,A,-,03,22350,,N,E,G,A,A,H,-,A,A,0,,Y,,,Y,,L,04,0,0,1,0,0,0,1,0,0,"- ","- ",34.451329999999999,-119.79078,"SANTA BARBARA",UNINCORPORATED,-119.7900825,34.451334799999998
6046653,2013,2014-11-18,9760,2013-04-24,0630,17097,,3,1,9,4200,0,1,3,,1,022,"RT 154","PAINTED CAVE RD",2112.00,E,N,B,-,Y,SB,5,154,-,-,27.060,H,-,W,Y,4,0,1,1,A,-,03,22350,,N,E,I,A,B,H,-,A,D,0,,,,,Y,,A,01,0,0,1,0,0,0,0,0,0,"- ","- ",34.486710000000002,-119.79052,"SANTA BARBARA",UNINCORPORATED,-119.7917298,34.487219099999997
6046657,2013,2014-02-15,9760,2013-04-24,1545,15658,,3,2,9,4200,0,3,5,,2,005,"CAMINO CORTO","SABADO TARDE RD",0.00,,Y,B,-,N,,,,,,,,,,Y,3,0,1,2,A,-,09,21801,A,N,A,C,A,B,H,-,A,D,0,,,,,Y,,A,07,0,1,0,0,0,0,0,0,0,"- ","- ",34.410550000000001,-119.86647000000001,"SANTA BARBARA",UNINCORPORATED,-119.8665024,34.410524899999999
6046661,2013,2014-02-15,9760,2013-04-25,0730,19831,,4,1,9,4200,0,3,5,,2,001,"LILLIE AV","HOLLISTER ST",98.00,W,N,B,-,N,,,,,,,,,,N,3,0,1,2,A,-,09,21801,A,N,H,G,A,A,H,-,A,D,0,,Y,,,Y,,A,01,0,1,0,0,0,0,1,0,0,"- ","- ",34.421700000000001,-119.60017000000001,"SANTA BARBARA",UNINCORPORATED,-119.60029230000001,34.421810100000002
6046665,2013,2014-11-07,9760,2013-04-25,1753,19819,,4,2,5,4203,0,1,2,,2,011,"RT 101","MICHELTORENA ST",310.00,N,N,A,-,Y,SB,5,101,-,R,15.300,H,-,S,Y,4,0,1,2,A,-,03,22350,,N,C,C,A,A,H,-,A,D,1,,,Y,,Y,,C,02,0,0,1,0,0,0,0,0,1,"- ","- ",34.421550000000003,-119.71463,"SANTA BARBARA","SANTA BARBARA",-119.7143286,34.421104999999997
6047995,2013,2014-11-21,4204,2013-04-16,1606,19527,091,2,5,5,4204,0,0,0,,0,003,"RT 135","WALLER LN",3.00,S,N,A,-,Y,SB,5,135,-,-,12.480,I,5,S,N,4,0,1,2,A,-,17,21451,A,N,D,G,A,A,H,-,A,A,0,,Y,,,Y,Y,D,23,0,0,1,0,0,0,1,0,0,"- ","- ",,,"SANTA BARBARA","SANTA MARIA",-120.4360326,34.905371100000004
6049918,2013,2014-02-12,4200,2013-03-12,0836,4222,14,2,5,4,4214,0,0,0,,0,060,"HOLLISTER AV","KELLOGG AV",90.00,E,N,A,-,N,,,,,,,,,,N,3,0,1,2,A,-,03,22350,,N,C,C,A,A,H,-,B,A,0,,,,,Y,,A,07,0,1,0,0,0,0,0,0,0,"- ","- ",,,"SANTA BARBARA",GOLETA,-119.8202745,34.435826900000002
6049926,2013,2014-02-13,4204,2013-04-11,1058,21199,60,4,5,5,4204,0,0,0,,0,003,"BLOSSER RD","STOWELL RD",89.00,S,N,A,-,N,,,,,,,,,,N,3,0,3,3,A,-,03,22350,,N,C,C,A,A,H,-,A,A,0,,,,,Y,,-,"- ",0,1,2,0,0,0,0,0,0,"- ","- ",,,"SANTA BARBARA","SANTA MARIA",-120.453824,34.938520400000002
6049958,2013,2014-02-18,4204,2013-04-03,0647,19527,60,3,5,5,4204,0,0,0,,0,003,"BLOSSER RD",FURUKAWA,124.00,N,N,E,-,N,,,,,,,,,,Y,4,0,1,4,A,-,03,22350,,N,C,C,A,A,H,-,B,D,0,,,,,Y,,A,01,0,0,1,0,0,0,0,0,0,"- ","- ",,,"SANTA BARBARA","SANTA MARIA",-120.453839,34.940495400000003
6049962,2013,2014-02-18,4204,2013-04-05,2314,22668,RD60,5,5,5,4204,0,0,0,,0,B03,"STOWELL RD","WESTERN AV",0.00,,Y,A,-,N,,,,,,,,,,Y,3,0,2,2,A,-,01,23153,,N,A,C,A,A,H,-,C,A,0,,,,,Y,Y,-,"- ",0,1,1,0,0,0,0,0,0,"- ","- ",,,"SANTA BARBARA","SANTA MARIA",-120.4495725,34.938704899999998
6049989,2013,2014-02-19,4200,2013-04-09,0859,3683,14,2,5,4,4214,0,0,0,,0,050,"COVINGTON WY","CAMINO TALAVERA",0.00,,Y,A,-,N,,,,,,,,,,Y,3,0,3,2,A,-,09,21801,A,N,A,C,A,A,H,-,A,D,0,,,,,Y,,A,01,0,1,2,0,0,0,0,0,0,"- ","- ",,,"SANTA BARBARA",GOLETA,-119.8465325,34.445094900000001
6049993,2013,2014-02-19,4200,2013-04-06,0121,4575,14,6,5,4,4214,0,0,0,,0,050,"CATHEDRAL OAKS RD","WINDSOR DR",766.00,E,N,A,-,N,,,,,,,,,,Y,3,0,1,1,A,-,01,23152,A,N,A,I,A,A,H,-,C,D,0,,,,,Y,Y,A,01,0,1,0,0,0,0,0,0,0,"- ","- ",,,"SANTA BARBARA",GOLETA,-119.84217750000001,34.450961999999997
6050736,2013,2014-02-18,4200,2013-04-18,1603,3116,14,4,5,4,4214,0,0,0,,0,050,"CALLE REAL","ENCINA RD",290.00,W,N,A,-,N,,,,,,,,,,N,4,0,1,2,A,-,08,22107,,N,D,C,A,A,H,-,A,D,0,,,,,Y,,A,01,0,0,1,0,0,0,0,0,0,"- ","- ",,,"SANTA BARBARA",GOLETA,-119.8286906,34.441567599999999
6050764,2013,2014-02-12,4200,2013-03-13,0221,4576,14,3,5,4,4214,0,0,0,,0,080,"PLACER DR","MIRANO DR",295.00,S,N,A,-,N,,,,,,,,,,Y,3,0,1,2,A,-,01,23152,,N,C,C,A,A,H,-,C,D,0,,,,,Y,Y,A,01,0,1,0,0,0,0,0,0,0,"- ","- ",,,"SANTA BARBARA",GOLETA,-119.88311539999999,34.4381451
6051037,2013,2014-02-14,4200,2013-04-09,1842,4161,14,2,5,4,4214,0,0,0,,0,080,"HOLLISTER AV","STORKE RD",0.00,,Y,A,-,N,,,,,,,,,,Y,4,0,1,3,A,-,12,21453,A,N,D,C,B,A,H,-,A,A,0,Y,,,,Y,,A,01,0,0,1,0,1,0,0,0,0,"- ","- ",,,"SANTA BARBARA",GOLETA,-119.8698024,34.430264800000003
6051729,2013,2014-02-25,4200,2013-04-24,1401,3116,14,3,5,4,4214,0,0,0,,0,050,"CALLE REAL","CARLO DR",0.00,,Y,B,F,N,,,,,,,,,,Y,3,0,1,2,A,-,09,21802,A,N,D,C,A,B,H,-,A,A,0,,,,,Y,,A,01,0,1,0,0,0,0,0,0,0,"- ","- ",,,"SANTA BARBARA",GOLETA,-119.8366024,34.439444799999997
6051737,2013,2014-02-25,4200,2013-04-19,2220,3118,14,5,5,4,4214,0,0,0,,0,060,"LOS CARNEROS RD","HOLLISTER AV",820.00,S,N,A,-,N,,,,,,,,,,Y,3,0,1,1,A,-,01,23152,,N,F,I,A,A,E,-,C,A,0,,,,,Y,Y,-,"- ",0,1,0,0,0,0,0,0,0,"- ","- ",,,"SANTA BARBARA",GOLETA,-119.85979089999999,34.4282447
6051741,2013,2014-02-25,4200,2013-04-12,1630,3640,10,5,5,3,4205,0,0,0,,0,040,"CARPINTERIA AV","REYNOLDS AV",0.00,,Y,A,-,N,,,,,,,,,,Y,3,0,1,2,A,-,09,21802,A,N,D,C,A,A,H,-,A,A,0,,,,,Y,,-,"- ",0,1,0,0,0,0,0,0,0,"- ","- ",,,"SANTA BARBARA",CARPINTERIA,-119.5253623,34.4017348
6051782,2013,2014-11-26,4201,2013-04-11,0836,4800,,4,5,2,4201,0,0,0,,0,051,"GUADALUPE ST","WEST MAIN ST",0.00,,N,A,-,Y,SB,5,1,-,-,49.870,H,-,S,N,4,0,1,2,-,-,"- ",,,N,C,C,A,A,H,-,A,A,0,,,,,Y,,-,"- ",0,0,1,0,0,0,0,0,0,"- ","- ",,,"SANTA BARBARA",GUADALUPE,-120.5738826,34.967344900000001
6051939,2013,2014-01-24,4200,2013-01-25,1840,4167,14,5,5,4,4214,0,0,0,,0,060,"HOLLISTER AV","ORANGE AV",0.00,,Y,C,-,N,,,,,,,,,,N,4,0,2,3,A,-,10,21950,A,N,G,B,B,B,H,-,C,A,0,Y,,,,Y,,A,01,0,0,2,0,2,0,0,0,0,"- ","- ",,,"SANTA BARBARA",GOLETA,-119.8291224,34.4360049
6018641,2013,2014-11-10,4202,2013-03-05,2218,SCOTT,LOMPO,2,5,4,4202,0,0,0,,0,,"RT 1","GEORGE MILLER DR",40.00,S,N,B,-,Y,SB,5,1,-,-,22.450,H,-,S,Y,4,0,1,2,A,-,03,22350,,N,C,C,A,A,H,-,D,D,0,,,,,Y,,A,01,0,0,1,0,0,0,0,0,0,"- ","- ",,,"SANTA BARBARA",LOMPOC,-120.4576868,34.668770199999997
6019654,2013,2014-11-10,4202,2013-03-14,0751,292,,4,5,4,4202,0,0,0,,0,,"H ST","BRISA DEL MAR",10.00,N,N,E,-,Y,SB,5,1,-,-,23.140,H,-,N,N,4,0,1,3,A,-,"- ",,,N,C,C,A,A,H,-,B,D,0,,,,,Y,,D,22,0,0,1,0,0,0,0,0,0,"- ","- ",,,"SANTA BARBARA",LOMPOC,-120.4589005,34.682590699999999
6019813,2013,2014-11-07,9760,2013-03-14,1740,19446,,4,2,5,4203,0,1,2,,2,011,"RT 101","CABRILLO BL",3168.00,N,N,A,-,Y,SB,5,101,-,-,12.060,H,-,S,Y,3,0,6,3,A,-,03,22350,,N,C,C,A,A,H,-,A,A,1,,,,,Y,,A,01,0,2,4,0,0,0,0,0,0,"- ","- ",34.420020000000001,-119.67014,"SANTA BARBARA","SANTA BARBARA",-119.66648790000001,34.421151799999997
6019815,2013,2014-11-07,9760,2013-03-15,0235,19387,,5,3,9,4200,0,1,2,,2,010,"RT 101","BATES RD",534.00,N,N,A,-,Y,SB,5,101,-,R,0.200,H,-,S,Y,2,0,1,1,A,-,01,23152,A,N,E,J,A,A,H,-,C,D,1,,,,,Y,Y,A,01,1,0,0,0,0,0,0,0,0,"- ","- ",34.377800000000001,-119.48,"SANTA BARBARA",UNINCORPORATED,-119.4809958,34.378830000000001
6019816,2013,2014-11-07,9760,2013-03-11,0800,16739,,1,1,9,4200,0,1,2,,2,020,"RT 101","TURNPIKE RD",1056.00,N,N,A,-,Y,SB,5,101,-,-,20.260,H,-,S,Y,4,0,2,3,A,-,07,21658,A,N,C,C,A,A,H,-,A,D,1,,,,,Y,,A,08,0,0,2,0,0,0,0,0,0,"- ","- ",34.442149999999998,-119.78942000000001,"SANTA BARBARA",UNINCORPORATED,-119.79323239999999,34.441834800000002
6019817,2013,2014-11-07,9760,2013-03-19,1314,17674,,2,1,5,4203,0,1,2,,2,011,"RT 101","CARRILLO ST",100.00,N,N,A,-,Y,SB,5,101,-,R,14.810,H,-,N,N,4,0,1,2,A,-,07,21658,A,N,B,C,A,A,H,-,A,D,1,,,,,Y,,A,01,0,0,1,0,0,0,0,0,0,"- ","- ",,,"SANTA BARBARA","SANTA BARBARA",-119.7083757,34.4171634
6019818,2013,2014-02-08,9760,2013-03-18,1610,17097,,1,2,9,4200,0,2,4,,2,026,"CATHEDRAL OAKS RD","SAN MARCOS RD",20.00,W,N,B,-,N,,,,,,,,,,N,3,0,1,1,A,-,08,22107,,N,F,A,A,A,H,-,A,D,0,,Y,,,Y,,L,04,0,1,0,0,0,0,1,0,0,"- ","- ",34.451569999999997,-119.79678,"SANTA BARBARA",UNINCORPORATED,-119.79714869999999,34.451553500000003
6019819,2013,2014-02-08,9760,2013-03-18,1320,14690,,1,1,9,4200,0,3,5,,2,005,"STORKE RD","EL COLEGIO RD",550.00,N,N,B,-,N,,,,,,,,,,N,4,0,1,2,A,-,07,21658,A,N,B,G,A,A,H,-,A,D,0,,Y,,,Y,,L,04,0,0,1,0,0,0,1,0,0,"- ","- ",34.418900000000001,-119.86987000000001,"SANTA BARBARA",UNINCORPORATED,-119.86982039999999,34.419063299999998
6020229,2013,2014-01-28,9755,2013-02-19,1812,17378,,2,2,9,4200,0,1,2,,2,004,"RT 101","RT 1",7920.00,S,N,B,C,Y,SB,5,101,-,-,47.350,H,-,N,Y,4,0,1,2,A,-,03,22350,,N,B,C,A,B,H,-,D,D,1,,,,,Y,,D,22,0,0,1,0,0,0,0,0,0,"- ","- ",34.491860000000003,-120.22654,"SANTA BARBARA",UNINCORPORATED,-120.2156603,34.473464300000003
6020232,2013,2014-10-28,9755,2013-02-25,1200,12436,,1,1,9,4200,0,1,2,,2,004,"RT 101","SANTA ROSA RD",2640.00,S,N,A,-,Y,SB,5,101,-,-,55.940,H,-,S,Y,3,0,1,2,A,-,07,21658,A,N,B,C,A,A,H,-,A,D,1,,,,,Y,,D,22,0,1,0,0,0,0,0,0,0,"- ","- ",34.594819999999999,-120.19456,"SANTA BARBARA",UNINCORPORATED,-120.19377249999999,34.5803048
6020657,2013,2014-02-08,4200,2013-03-14,1424,4222,14,4,5,4,4214,0,0,0,,0,060,"S FAIRVIEW OVERPASS","S FAIRVIEW AV",0.00,,Y,A,-,N,,,,,,,,,,Y,4,0,1,2,A,-,09,21802,A,N,D,C,A,A,H,-,A,A,0,,,,,Y,,A,07,0,0,1,0,0,0,0,0,0,"- ","- ",,,"SANTA BARBARA",GOLETA,-119.83254239999999,34.439814800000001
6037448,2013,2014-11-18,9760,2013-04-15,1720,17314,,1,2,9,4200,0,1,3,,1,022,"RT 154","KINEVAN RD",50.00,W,N,A,-,Y,SB,5,154,-,-,25.150,H,-,W,Y,3,0,1,2,A,-,03,22350,,N,C,C,A,A,H,-,A,D,0,,,Y,,Y,,C,02,0,1,0,0,0,0,0,0,1,"- ","- ",34.514330000000001,-119.01236,"SANTA BARBARA",UNINCORPORATED,-119.8124025,34.504543599999998
6037455,2013,2014-10-31,9755,2013-04-08,0650,013041,,1,1,9,4200,0,1,3,,1,051,"RT 1","JALAMA RD",2640.00,S,N,A,-,Y,SB,5,1,-,-,14.510,H,-,N,Y,2,0,4,3,A,-,08,22107,,N,E,I,A,A,H,-,A,D,0,,,,,Y,,A,07,1,0,3,0,0,0,0,0,0,"- ","- ",34.085389999999997,-120.40474,"SANTA BARBARA",UNINCORPORATED,-120.40449700000001,34.5836611
6037456,2013,2014-10-28,9755,2013-04-08,0435,017910,,1,3,9,4200,0,1,2,,2,004,"RT 101","RT 1",6864.00,S,N,B,-,Y,SB,5,101,-,-,47.550,H,-,N,Y,3,0,1,1,A,-,08,22107,,N,F,A,A,B,H,-,D,D,1,,,,,Y,,D,22,0,1,0,0,0,0,0,0,0,"- ","- ",34.492600000000003,-120.22635,"SANTA BARBARA",UNINCORPORATED,-120.2194262,34.473427800000003
6037606,2013,2014-02-12,9750,2013-04-08,1500,13766,,1,2,9,4200,0,3,5,,2,020,"NORRIS ST","CLARK AV",1.00,S,N,A,-,N,,,,,,,,,,N,4,0,2,2,A,-,21,22106,,N,C,C,A,A,H,-,A,A,0,,,,,Y,,D,22,0,0,2,0,0,0,0,0,0,"- ","- ",34.86486,-120.43985000000001,"SANTA BARBARA",UNINCORPORATED,-120.4397926,34.865082100000002
6037627,2013,2014-02-12,4204,2013-04-09,0749,19527,087,2,5,5,4204,0,0,0,,0,003,"SKYWAY DR","AUTO PARK PKWY",295.00,E,N,A,-,N,,,,,,,,,,Y,4,0,1,3,A,-,03,22350,,N,C,C,A,A,H,-,A,D,0,,,,,Y,,A,01,0,0,1,0,0,0,0,0,0,"- ","- ",,,"SANTA BARBARA","SANTA MARIA",-120.43806979999999,34.894607499999999
6037634,2013,2014-10-28,4204,2013-04-12,1743,018009,,5,5,5,4204,0,0,0,,0,001,"10TH ST","DONOVAN RD",2640.00,N,N,A,-,Y,SB,5,101,-,-,90.190,H,-,N,Y,4,0,2,2,C,-,18,,,N,E,J,A,A,A,-,A,D,0,,,,Y,Y,,-,"- ",0,0,2,0,0,0,0,0,0,"- ","- ",34.97475,-120.42417,"SANTA BARBARA","SANTA MARIA",-120.4267105,34.973907400000002
6037664,2013,2014-02-01,4200,2013-02-26,1554,3098,10,2,5,3,4205,0,0,0,,0,040,"CARPINTERIA AV","SANTA YNEZ AV",0.00,,Y,A,-,N,,,,,,,,,,Y,3,0,1,3,A,-,03,22350,,N,C,C,A,A,H,-,A,A,0,,,,Y,Y,,G,25,0,1,0,0,0,0,0,0,0,"- ","- ",,,"SANTA BARBARA",CARPINTERIA,-119.5264023,34.4018248
6040156,2013,2014-01-28,4204,2013-02-27,1245,22113,27,3,5,5,4204,0,0,0,,0,001,BROADWAY,TUNNEL,4.00,N,N,A,-,N,,,,,,,,,,N,4,0,1,2,A,I,"- ",,,N,H,G,A,A,H,-,A,D,0,,Y,,,Y,,L,04,0,0,1,0,0,0,1,0,0,"- ","- ",,,"SANTA BARBARA","SANTA MARIA",-120.43587239999999,34.9575058
6041289,2013,2014-02-12,4200,2013-04-07,0954,3683,14,7,5,4,4214,0,0,0,,0,060,"TECOLOTE AV","HOLLISTER AV",0.00,,Y,A,-,N,,,,,,,,,,Y,4,0,3,2,A,-,09,21802,A,N,D,C,A,A,H,-,A,D,0,,,,,Y,,A,01,0,0,3,0,0,0,0,0,0,"- ","- ",,,"SANTA BARBARA",GOLETA,-119.8257224,34.435864899999999
6056987,2013,2014-02-22,4203,2013-05-02,1534,6700,17,4,5,5,4203,0,0,0,,0,006,"SHORELINE DR","SANTA CRUZ BL",404.00,E,N,A,-,N,,,,,,,,,,N,2,0,2,2,A,-,04,21703,,N,H,G,A,A,H,-,A,D,0,,Y,,,Y,,L,04,2,0,0,0,0,0,2,0,0,"- ","- ",34.234740000000002,-119.42453999999999,"SANTA BARBARA","SANTA BARBARA",-119.7126884,34.396584900000001
6057155,2013,2014-02-15,4203,2013-04-29,1002,3769,,1,5,5,4203,0,0,0,,0,003,"DE LA VINA ST","VALERIO ST",133.00,S,N,B,-,N,,,,,,,,,,Y,3,0,1,2,A,-,08,22107,,N,C,E,A,A,H,-,A,D,0,,,,,Y,,-,"- ",0,1,0,0,0,0,0,0,0,"- ","- ",34.425379999999997,-119.71237000000001,"SANTA BARBARA","SANTA BARBARA",-119.7127902,34.425714900000003
6052127,2013,2014-02-19,4200,2013-04-30,0558,3683,14,2,5,4,4214,0,0,0,,0,060,"HOLLISTER AV","LOS CARNEROS RD",252.00,W,N,B,E,N,,,,,,,,,,Y,4,0,1,2,A,-,03,22350,,N,C,C,A,B,D,-,B,D,0,,,,,Y,,D,22,0,0,1,0,0,0,0,0,0,"- ","- ",,,"SANTA BARBARA",GOLETA,-119.86054249999999,34.430421099999997
6052724,2013,2014-02-18,9750,2013-05-02,0210,017267,,4,3,5,4204,0,1,2,,2,001,"RT 101","STOWELL RD",2640.00,S,N,A,-,Y,SB,5,101,-,-,87.090,H,-,S,Y,2,0,1,1,A,-,01,23152,A,N,E,I,A,A,H,-,C,D,0,,,,,Y,Y,A,08,1,0,0,0,0,0,0,0,0,"- ","- ",34.930399999999999,-120.41802,"SANTA BARBARA","SANTA MARIA",-120.4180056,34.930844
6052947,2013,2014-10-28,9750,2013-04-25,0820,12697,,4,1,9,4200,0,1,2,,2,001,"RT 101",BROADWAY,1584.00,N,N,A,-,Y,SB,5,101,-,-,90.950,R,1,N,Y,4,0,1,2,A,-,03,22350,,N,C,C,A,A,D,-,A,A,0,,,,,Y,,A,01,0,0,1,0,0,0,0,0,0,FR,"- ",34.590519999999998,-120.25578,"SANTA BARBARA",UNINCORPORATED,-120.43264259999999,34.984494900000001
6052954,2013,2014-02-13,4200,2013-04-17,1656,4622,14,3,5,3,4205,0,0,0,,0,030,"LINDEN AV","OGAN RD",0.00,,Y,A,-,N,,,,,,,,,,N,3,0,1,2,A,-,08,22107,,F,D,G,A,A,H,-,A,D,0,,Y,,,Y,,-,"- ",0,1,0,0,0,0,1,0,0,"- ","- ",,,"SANTA BARBARA",CARPINTERIA,-119.5162924,34.402014899999998
6052958,2013,2014-02-13,4200,2013-04-30,0759,3683,14,2,5,4,4214,0,0,0,,0,050,"CATHEDRAL OAKS RD","LOS CARNEROS RD",2640.00,W,N,B,E,N,,,,,,,,,,N,3,0,1,2,A,-,08,22107,,N,H,G,A,B,H,-,A,D,0,,Y,,,Y,,L,04,0,1,0,0,0,0,1,0,0,"- ","- ",,,"SANTA BARBARA",GOLETA,-119.8624246,34.441833000000003
6053494,2013,2014-02-14,9750,2013-04-20,0740,16170,,6,1,9,4200,0,2,4,,1,024,"CLARK AV","HARP RD",0.00,,Y,A,-,N,,,,,,,,,,Y,3,0,1,2,A,-,17,21451,A,N,D,C,A,A,H,-,E,A,0,,,,,Y,,A,01,0,1,0,0,0,0,0,0,0,"- ","- ",34.515389999999996,-120.2452,"SANTA BARBARA",UNINCORPORATED,-120.4144325,34.864994899999999
6053498,2013,2014-11-20,9750,2013-04-25,1655,17379,,4,2,9,4200,0,1,3,,1,011,"RT 166","BLACK RD",1056.00,W,N,A,-,Y,SB,5,166,-,-,4.620,H,-,E,Y,4,0,2,2,A,-,03,22350,,N,B,C,A,A,H,-,A,D,0,,,,,Y,,A,01,0,0,2,0,0,0,0,0,0,"- ","- ",34.89246,-120.42292,"SANTA BARBARA",UNINCORPORATED,-120.4931034,34.9556094
6053502,2013,2014-02-14,9750,2013-04-27,1725,14645,,6,2,9,4200,0,2,4,,1,024,"FOSTER RD","LOCKFORD ST",15.00,E,N,A,-,N,,,,,,,,,,Y,3,0,2,2,A,-,09,21801,A,N,D,C,A,A,H,-,A,D,0,,,,,Y,,A,01,0,2,0,0,0,0,0,0,0,"- ","- ",34.525910000000003,-120.25364999999999,"SANTA BARBARA",UNINCORPORATED,-120.42686260000001,34.8830557
6053506,2013,2014-11-20,9750,2013-04-30,1717,15916,,2,2,9,4200,0,1,3,,1,011,"RT 166","BLACK RD",200.00,E,N,A,-,Y,SB,5,166,-,-,4.860,H,-,E,Y,4,0,1,2,A,-,03,22350,,N,C,C,A,A,H,-,A,D,0,,,,,Y,,A,01,0,0,1,0,0,0,0,0,0,"- ","- ",34.95514,-120.4875,"SANTA BARBARA",UNINCORPORATED,-120.4888974,34.9552792
6054379,2013,2014-11-20,9755,2013-04-24,1310,012826,,3,1,9,4200,0,1,3,,2,041,"RT 246","BALLARD CANYON RD",5808.00,E,N,B,-,Y,SB,5,246,-,-,28.090,H,-,E,Y,2,0,4,3,A,-,05,21460,B,N,B,C,A,A,H,-,A,D,0,,,,,Y,,D,22,3,1,0,0,0,0,0,0,0,"- ","- ",34.600160000000002,-120.16185,"SANTA BARBARA",UNINCORPORATED,-120.1623815,34.600319499999998
6054383,2013,2014-11-18,9755,2013-04-26,2220,018514,,5,3,9,4200,0,1,3,,1,042,"RT 154","ENTRANCE RD",6864.00,E,N,A,-,Y,SB,5,154,-,-,16.000,H,-,W,Y,4,0,2,2,A,-,03,22350,,N,C,C,A,A,H,-,D,D,0,,,,,Y,,D,22,0,0,2,0,0,0,0,0,0,"- ","- ",34.57976,-120.98529000000001,"SANTA BARBARA",UNINCORPORATED,-119.940241,34.566376599999998
6020661,2013,2014-02-08,4200,2013-03-18,1132,3683,14,1,5,4,4214,0,0,0,,0,060,"OVERPASS RD","PATTERSON AV",0.00,,Y,B,-,N,,,,,,,,,,N,4,0,1,2,A,-,09,21801,A,N,D,G,A,A,H,-,A,A,0,,Y,,,Y,,A,07,0,0,1,0,0,0,1,0,0,"- ","- ",,,"SANTA BARBARA",GOLETA,-119.8087723,34.439104899999997
6022650,2013,2014-11-20,9750,2013-03-31,0000,017616,,7,3,9,4200,0,1,3,,1,062,"RT 166","PINE CANYON RD",15840.00,E,N,C,-,Y,SB,5,166,-,R,27.910,H,-,E,Y,3,0,1,1,A,-,03,22350,,N,E,I,A,B,H,-,D,D,0,,,,,Y,,A,01,0,1,0,0,0,0,0,0,0,"- ","- ",35.062190000000001,-120.17466,"SANTA BARBARA",UNINCORPORATED,-120.17985210000001,35.054678000000003
6022654,2013,2014-02-11,9750,2013-03-30,0632,014820,,6,1,9,4200,0,3,5,,2,010,"BETTERAVIA RD","BROWN RD",0.00,,Y,A,-,N,,,,,,,,,,Y,4,0,1,2,A,-,09,21801,A,N,D,C,A,A,H,-,B,D,0,,,,,Y,,A,01,0,0,1,0,0,0,0,0,0,"- ","- ",34.560670000000002,-120.32472,"SANTA BARBARA",UNINCORPORATED,-120.54644260000001,34.935204800000001
6022658,2013,2014-11-21,9750,2013-03-22,1538,014645,,5,2,9,4200,0,1,3,,1,021,"RT 135","UNION VALLEY PKWY",460.00,N,N,A,-,Y,SB,5,135,-,-,10.790,H,-,N,Y,3,0,4,4,A,-,03,22350,,M,C,C,A,A,H,-,A,A,5,,,,,Y,,A,01,0,1,3,0,0,0,0,0,0,"- ","- ",34.525149999999996,-120.26115,"SANTA BARBARA",UNINCORPORATED,-120.43649189999999,34.880998200000001
6022662,2013,2014-02-11,9750,2013-03-26,0945,014449,,2,1,9,4200,0,2,4,,1,024,"BRADLEY RD","VIA MAVIS",39.00,N,N,A,-,N,,,,,,,,,,N,4,0,1,1,A,-,08,22107,,N,E,I,A,A,H,-,A,D,0,,,,,Y,,A,01,0,0,1,0,0,0,0,0,0,"- ","- ",34.863230000000001,-120.41892,"SANTA BARBARA",UNINCORPORATED,-120.41880070000001,34.8631119
6022666,2013,2014-10-28,9750,2013-03-30,1320,013267,,6,1,9,4200,0,1,2,,2,001,"RT 101","MAIN ST",800.00,N,N,A,-,Y,SB,5,101,-,-,88.750,H,-,N,Y,4,0,1,3,A,-,07,21658,A,N,D,C,A,A,H,-,A,D,0,,,,,Y,,A,07,0,0,1,0,0,0,0,0,0,"- ","- ",34.953780000000002,-120.41647,"SANTA BARBARA",UNINCORPORATED,-120.4172312,34.955967700000002