CASE_ID,ACCIDENT_YEAR,PROC_DATE,JURIS,COLLISION_DATE,COLLISION_TIME,OFFICER_ID,REPORTING_DISTRICT,DAY_OF_WEEK,CHP_SHIFT,POPULATION,CNTY_CITY_LOC,SPECIAL_COND,BEAT_TYPE,CHP_BEAT_TYPE,CITY_DIVISION_LAPD,CHP_BEAT_CLASS,BEAT_NUMBER,PRIMARY_RD,SECONDARY_RD,DISTANCE,DIRECTION,INTERSECTION,WEATHER_1,WEATHER_2,STATE_HWY_IND,CALTRANS_COUNTY,CALTRANS_DISTRICT,STATE_ROUTE,ROUTE_SUFFIX,POSTMILE_PREFIX,POSTMILE,LOCATION_TYPE,RAMP_INTERSECTION,SIDE_OF_HWY,TOW_AWAY,COLLISION_SEVERITY,NUMBER_KILLED,NUMBER_INJURED,PARTY_COUNT,PRIMARY_COLL_FACTOR,PCF_CODE_OF_VIOL,PCF_VIOL_CATEGORY,PCF_VIOLATION,PCF_VIOL_SUBSECTION,HIT_AND_RUN,TYPE_OF_COLLISION,MVIW,PED_ACTION,ROAD_SURFACE,ROAD_COND_1,ROAD_COND_2,LIGHTING,CONTROL_DEVICE,CHP_ROAD_TYPE,PEDESTRIAN_ACCIDENT,BICYCLE_ACCIDENT,MOTORCYCLE_ACCIDENT,TRUCK_ACCIDENT,NOT_PRIVATE_PROPERTY,ALCOHOL_INVOLVED,STWD_VEHTYPE_AT_FAULT,CHP_VEHTYPE_AT_FAULT,COUNT_SEVERE_INJ,COUNT_VISIBLE_INJ,COUNT_COMPLAINT_PAIN,COUNT_PED_KILLED,COUNT_PED_INJURED,COUNT_BICYCLIST_KILLED,COUNT_BICYCLIST_INJURED,COUNT_MC_KILLED,COUNT_MC_INJURED,PRIMARY_RAMP,SECONDARY_RAMP,LATITUDE,LONGITUDE,COUNTY,CITY,POINT_X,POINT_Y
6023255,2013,2014-11-20,9750,2013-04-01,1754,15916,,1,2,9,4200,0,1,3,,1,011,"RT 166","BONITA SCHOOL RD",5280.00,W,N,B,-,Y,SB,5,166,-,-,2.750,H,-,W,Y,4,0,1,2,A,-,21,22106,,N,D,C,A,A,H,-,A,D,0,,,,Y,Y,,A,01,0,0,1,0,0,0,0,0,0,"- ","- ",34.959099999999999,-120.52742000000001,"SANTA BARBARA",UNINCORPORATED,-120.5258159,34.958871299999998
6024228,2013,2014-12-18,4200,2013-03-25,1719,3947,6,1,5,2,4206,0,0,0,,0,,"MISSION DR","TELEPHONE  POLE #T1989",16.00,S,N,A,-,Y,SB,5,246,-,-,29.870,H,-,W,N,4,0,1,3,A,-,03,22350,,N,C,C,A,A,H,-,A,A,0,,,,,Y,,-,"- ",0,0,1,0,0,0,0,0,0,"- ","- ",,,"SANTA BARBARA",SOLVANG,-120.1349403,34.595959800000003
6024261,2013,2014-02-06,4203,2013-03-28,0604,9018,,4,5,5,4203,0,0,0,,0,001,"MONTECITO ST","N MILPAS ST",15.00,E,N,E,-,N,,,,,,,,,,N,3,0,1,2,A,-,10,21950,A,N,G,B,B,A,H,-,C,A,0,Y,,,,Y,Y,-,"- ",0,1,0,0,1,0,0,0,0,"- ","- ",34.252870000000001,-119.40573000000001,"SANTA BARBARA","SANTA BARBARA",-119.68272949999999,34.424525699999997
6024265,2013,2014-11-20,4203,2013-03-29,1049,6535,4203,5,5,5,4203,0,0,0,,0,006,"RT 225","CALLE REAL",0.00,,Y,B,-,Y,SB,5,225,-,-,0.023,I,5,W,N,4,0,1,2,A,-,03,22350,,N,C,C,A,A,H,-,A,A,0,,,,,Y,,-,"- ",0,0,1,0,0,0,0,0,0,"- ","- ",34.254289999999997,-119.44013,"SANTA BARBARA","SANTA BARBARA",-119.73368240000001,34.427486999999999
6024393,2013,2014-02-10,4200,2013-04-01,1018,3683,14,1,5,4,4214,0,0,0,,0,060,"S PATTERSON AV","HOLLIPAT CENTER DR",224.00,S,N,B,-,N,,,,,,,,,,N,4,0,1,2,A,-,03,22350,,N,C,C,A,A,H,-,A,D,0,,,,,Y,,D,22,0,0,1,0,0,0,0,0,0,"- ","- ",,,"SANTA BARBARA",GOLETA,-119.80996709999999,34.432805500000001
6057159,2013,2014-02-15,4203,2013-04-27,1659,6536,,6,5,5,4203,0,0,0,,0,003,"STATE ST","DE LA GUERRA ST",71.00,N,N,A,-,N,,,,,,,,,,N,4,0,1,2,A,-,17,22517,,N,B,G,A,A,H,-,A,A,0,,Y,,,Y,,-,"- ",0,0,1,0,0,0,1,0,0,"- ","- ",,,"SANTA BARBARA","SANTA BARBARA",-119.699679,34.419913600000001
6057163,2013,2014-02-15,4203,2013-04-27,0921,2720,,6,5,5,4203,0,0,0,,0,003,"DE LA GUERRA","GARDEN ST",70.00,E,N,A,-,N,,,,,,,,,,N,4,0,1,1,A,-,08,22107,,N,E,I,A,A,H,-,A,D,0,,Y,,,Y,,L,04,0,0,1,0,0,0,1,0,0,"- ","- ",,,"SANTA BARBARA","SANTA BARBARA",-119.6957596,34.422969299999998
6057167,2013,2014-02-15,4203,2013-04-27,1440,6535,4203,6,5,5,4203,0,0,0,,0,004,"DE LA VINA ST","LOS OLIVOS ST",0.00,,Y,A,-,N,,,,,,,,,,Y,3,0,2,2,A,-,09,21802,A,N,D,C,A,A,H,-,A,A,0,,,,,Y,,-,"- ",0,1,1,0,0,0,0,0,0,"- ","- ",34.255029999999998,-119.43098999999999,"SANTA BARBARA","SANTA BARBARA",-119.7194124,34.430704900000002
6057171,2013,2014-02-15,4203,2013-04-27,1448,5086,30,6,5,5,4203,0,0,0,,0,001,"VALERIO ST","PROSPECT AV",27.00,W,N,A,-,N,,,,,,,,,,N,3,0,1,2,A,-,06,21951,,N,G,B,E,A,H,-,A,D,0,Y,,,,Y,,-,"- ",0,1,0,0,1,0,0,0,0,"- ","- ",34.265000000000001,-119.4211,"SANTA BARBARA","SANTA BARBARA",-119.7031425,34.434631699999997
6057175,2013,2014-03-28,4203,2013-04-24,0005,1967,4203,3,5,5,4203,0,0,0,,0,,"MEIGS RD","DOLORES AV",300.00,N,N,A,-,N,,,,,,,,,,Y,3,0,1,1,A,-,08,22107,,N,E,I,A,A,H,-,C,D,0,,,,,Y,,-,"- ",0,1,0,0,0,0,0,0,0,"- ","- ",34.241280000000003,-119.43118,"SANTA BARBARA","SANTA BARBARA",-119.721588,34.403755799999999
6057191,2013,2014-02-15,4203,2013-04-25,1730,6536,,4,5,5,4203,0,0,0,,0,003,"GARDEN ST","ANAPAMU ST",9.00,S,Y,A,-,N,,,,,,,,,,N,4,0,1,2,A,-,12,21453,A,N,D,C,A,A,H,-,A,D,0,,,,,Y,,-,"- ",0,0,1,0,0,0,0,0,0,"- ","- ",34.253599999999999,-119.0424,"SANTA BARBARA","SANTA BARBARA",-119.7010597,34.426558900000003
6057195,2013,2014-02-15,4203,2013-04-26,1348,2661,30,5,5,5,4203,0,0,0,,0,004,"WEST CARRILLO ST","STATE ST",195.00,W,N,A,-,N,,,,,,,,,,N,3,0,1,2,A,-,08,22107,,N,C,G,A,A,H,-,A,D,0,,Y,,,Y,,-,"- ",0,1,0,0,0,0,1,0,0,"- ","- ",34.253,-119.429,"SANTA BARBARA","SANTA BARBARA",-119.70229879999999,34.421122500000003
6057199,2013,2014-02-15,4203,2013-04-29,0908,2520,4203,1,5,5,4203,0,0,0,,0,002,"COAST VILLAGE RD","MIDDLE RD",0.00,,Y,B,-,N,,,,,,,,,,N,3,0,1,2,A,-,08,22107,,N,H,G,A,A,H,-,A,D,0,,Y,,,Y,,-,"- ",0,1,0,0,0,0,1,0,0,"- ","- ",,,"SANTA BARBARA","SANTA BARBARA",-119.64463240000001,34.421144900000002
6057473,2013,2014-02-13,4204,2013-04-02,1326,90122,P033,2,5,5,4204,0,0,0,,0,B02,MAIN,PINE,172.00,W,N,A,-,N,,,,,,,,,,Y,4,0,3,3,A,-,"- ",,,N,C,A,A,A,H,-,A,D,0,,,,,Y,,-,"- ",0,0,3,0,0,0,0,0,0,"- ","- ",,,"SANTA BARBARA","SANTA MARIA",-120.4394863,34.953102800000003
6057477,2013,2014-02-13,4204,2013-04-09,1204,22113,26,2,5,5,4204,0,0,0,,0,001,FESLER,THORNBURG,0.00,,Y,A,-,N,,,,,,,,,,Y,4,0,1,3,A,-,09,21802,A,N,D,C,A,A,H,-,A,A,0,,,,,Y,,-,"- ",0,0,1,0,0,0,0,0,0,"- ","- ",,,"SANTA BARBARA","SANTA MARIA",-120.4403125,34.9564849
6057481,2013,2014-11-21,4204,2013-04-15,1509,22270,75,1,5,5,4204,0,0,0,,0,003,BROADWAY,BATTLES,100.00,S,N,A,-,Y,SB,5,135,-,-,14.260,H,-,S,Y,4,0,2,2,A,-,03,22350,,N,C,C,A,A,H,-,A,A,0,,,,,Y,,-,"- ",0,0,2,0,0,0,0,0,0,"- ","- ",,,"SANTA BARBARA","SANTA MARIA",-120.4361244,34.931197699999998
6057485,2013,2014-02-13,4204,2013-04-15,1727,22131,58,1,5,5,4204,0,0,0,,0,002,MILLER,STOWELL,185.00,N,N,A,-,N,,,,,,,,,,N,4,0,1,2,A,-,03,22350,,N,C,C,A,A,H,-,A,D,0,,,,,Y,,-,"- ",0,0,1,0,0,0,0,0,0,"- ","- ",,,"SANTA BARBARA","SANTA MARIA",-120.4316597,34.938941900000003
6057489,2013,2014-02-13,4204,2013-04-11,1158,18381,68,4,5,5,4204,0,0,0,,0,002,MILL,LINCOLN,36.00,E,N,A,-,N,,,,,,,,,,N,4,0,1,2,A,-,21,22106,,F,D,G,A,A,H,-,A,D,0,,Y,,,Y,,-,"- ",0,0,1,0,0,0,1,0,0,"- ","- ",,,"SANTA BARBARA","SANTA MARIA",-120.4372425,34.955354
6057493,2013,2014-02-13,4204,2013-04-19,2140,18741,033,5,5,5,4204,0,0,0,,0,002,DEPOT,MILL,0.00,,Y,A,-,N,,,,,,,,,,Y,4,0,1,2,A,-,01,23152,,F,D,C,A,A,H,-,C,A,0,,,,,Y,Y,-,"- ",0,0,1,0,0,0,0,0,0,"- ","- ",,,"SANTA BARBARA","SANTA MARIA",-120.4439926,34.955424800000003
6057497,2013,2014-03-29,4204,2013-04-11,0900,19101,16,4,5,5,4204,0,0,0,,0,001,"ALVIN ST",BROADWAY,162.00,E,N,A,-,N,,,,,,,,,,N,4,0,1,2,A,I,"- ",,,N,H,G,A,A,H,-,A,D,0,,Y,,,Y,,L,04,0,0,1,0,0,0,1,0,0,"- ","- ",,,"SANTA BARBARA","SANTA MARIA",-120.4353021,34.960434800000002
6057501,2013,2014-10-28,4204,2013-04-12,1453,23906,49,5,5,5,4204,0,0,0,,0,002,MAIN,PALISADE,10.00,E,N,A,-,N,,,,,,,,,,Y,4,0,1,3,A,-,03,22350,,N,C,C,A,A,H,-,A,A,0,,,,,Y,,-,"- ",0,0,1,0,0,0,0,0,0,"- ","- ",,,"SANTA BARBARA","SANTA MARIA",-120.4120793,34.952873199999999
6057505,2013,2014-12-11,4204,2013-04-14,1012,22807,34,7,5,5,4204,0,0,0,,0,002,BROADWAY,MAIN,0.00,,Y,A,-,Y,SB,5,135,-,-,15.760,H,-,N,Y,4,0,2,2,A,-,03,22350,,N,C,C,A,A,H,-,A,A,0,,,,,Y,,-,"- ",0,0,2,0,0,0,0,0,0,"- ","- ",,,"SANTA BARBARA","SANTA MARIA",-120.4357926,34.952885799999997
6057960,2013,2014-02-18,4203,2013-04-07,1519,6535,4203,7,5,5,4203,0,0,0,,0,005,"N HOPE AV","CONNIE WY",44.00,N,N,A,-,N,,,,,,,,,,N,3,0,1,2,A,-,08,22107,,N,B,G,A,A,H,-,A,D,0,,Y,,,Y,,L,04,0,1,0,0,0,0,1,0,0,"- ","- ",34.285829999999997,-119.44479,"SANTA BARBARA","SANTA BARBARA",-119.74659250000001,34.449485600000003
6057972,2013,2014-02-18,4203,2013-04-09,1746,3140,,2,5,5,4203,0,0,0,,0,005,"STATE ST","CALLE LAURELES ST",0.00,,Y,A,-,N,,,,,,,,,,N,4,0,1,2,A,-,09,21801,A,N,D,G,A,A,H,-,A,A,0,,Y,,,Y,,-,"- ",0,0,1,0,0,0,1,0,0,"- ","- ",34.262509999999999,-119.43413,"SANTA BARBARA","SANTA BARBARA",-119.72818239999999,34.440434799999998
6057976,2013,2014-02-18,4203,2013-04-11,0720,4725,,4,5,5,4203,0,0,0,,0,003,"OLIVE ST","CANON PERDIDO ST",3.00,N,N,A,-,N,,,,,,,,,,N,4,0,1,2,A,-,10,21950,A,N,G,B,B,A,H,-,A,A,0,Y,,,,Y,,-,"- ",0,0,1,0,1,0,0,0,0,"- ","- ",,,"SANTA BARBARA","SANTA BARBARA",-119.69493989999999,34.425880300000003
6058444,2013,2014-02-14,4202,2013-04-16,1542,292,,2,5,4,4202,0,0,0,,0,,"A ST","BARTON AV",355.00,N,N,A,-,N,,,,,,,,,,N,4,0,1,2,A,-,11,21950,B,N,G,B,D,A,H,-,A,D,0,Y,,,,Y,Y,N,60,0,0,1,0,1,0,0,0,0,"- ","- ",,,"SANTA BARBARA",LOMPOC,-120.4488829,34.658029499999998
6058445,2013,2014-02-14,4202,2013-04-06,1539,230,LOMPO,6,5,4,4202,0,0,0,,0,,"COLLEGE AV","I ST",47.00,E,N,A,-,N,,,,,,,,,,N,4,0,2,2,A,-,09,21804,A,N,D,C,A,A,H,-,A,D,0,,,,,Y,,A,01,0,0,2,0,0,0,0,0,0,"- ","- ",,,"SANTA BARBARA",LOMPOC,-120.4589364,34.6470135
6058446,2013,2014-02-14,4202,2013-04-05,1409,292,,5,5,4,4202,0,0,0,,0,,"NORTH AV","H ST",153.00,W,N,A,-,N,,,,,,,,,,Y,4,0,1,2,A,-,09,21801,A,N,D,C,A,A,H,-,A,D,0,,,,,Y,,A,01,0,0,1,0,0,0,0,0,0,"- ","- ",,,"SANTA BARBARA",LOMPOC,-120.4583112,34.653384799999998
6054955,2013,2014-02-21,9760,2013-05-01,1510,015658,,3,2,4,4214,0,1,2,,1,030,"RT 101","LOS CARNEROS RD",900.00,N,N,A,-,Y,SB,5,101,-,-,23.880,H,-,N,Y,4,0,1,2,A,-,07,21658,A,N,C,C,A,A,H,-,A,D,1,,,,,Y,,A,07,0,0,1,0,0,0,0,0,0,"- ","- ",34.437060000000002,-119.85747000000001,"SANTA BARBARA",GOLETA,-119.8571961,34.437089200000003
6054959,2013,2014-11-20,9760,2013-04-30,0755,015658,,2,1,4,4214,1,1,3,,2,027,"RT 217","HOLLISTER AV",117.00,E,N,B,-,Y,SB,5,217,-,-,2.440,R,2,E,Y,4,0,1,2,A,-,06,21750,,N,B,C,A,B,H,-,A,D,1,,,,,Y,,A,07,0,0,1,0,0,0,0,0,0,"- ","- ",34.435429999999997,-119.8168,"SANTA BARBARA",GOLETA,-119.8151924,34.438644799999999
6055953,2013,2013-07-05,4204,2013-04-19,2140,,,5,5,5,4204,0,0,0,,0,,"DONOVAN RD","PINE AV",0.00,,Y,A,-,N,,,,,,,,,,Y,2,0,1,2,A,-,09,21801,A,N,A,C,A,A,H,-,C,D,0,,,,,Y,,A,01,1,0,0,0,0,0,0,0,0,"- ","- ",,,"SANTA BARBARA","SANTA MARIA",-120.4380525,34.967714800000003
6056027,2013,2014-01-09,4204,2013-05-21,1056,23656,36,2,5,5,4204,0,0,0,,0,002,MAIN,COLLEGE,0.00,,Y,A,-,Y,SB,5,166,-,-,8.510,I,5,E,N,4,0,1,2,A,-,03,22350,,N,C,C,A,A,H,-,A,A,0,,,,,Y,,J,48,0,0,1,0,0,0,0,0,0,"- ","- ",,,"SANTA BARBARA","SANTA MARIA",-120.42461830000001,34.953060999999998
6056210,2013,2014-12-03,4204,2013-04-23,1027,22085,49,2,5,5,4204,0,0,0,,0,002,"MAIN ST",NICHOLSON,0.00,,Y,B,-,Y,SB,5,101,-,-,88.780,R,4,N,Y,4,0,1,2,A,-,12,21453,A,N,D,C,A,A,H,-,A,A,0,,,,,Y,,D,22,0,0,1,0,0,0,0,0,0,"- ","- ",,,"SANTA BARBARA","SANTA MARIA",-120.4172926,34.956634899999997
6056734,2013,2014-08-16,4203,2013-04-30,0825,0334,4203,2,5,5,4203,0,0,0,,0,005,"E CONSTANCE ST","ANACAPA ST",27.00,W,N,B,-,N,,,,,,,,,,Y,4,0,1,2,A,-,03,22350,,N,C,C,A,B,H,-,A,D,0,,,,,Y,,-,"- ",0,0,1,0,0,0,0,0,0,"- ","- ",34.261409999999998,-119.43155,"SANTA BARBARA","SANTA BARBARA",-119.72119379999999,34.437470900000001
6071182,2013,2013-08-05,9760,2013-06-04,1519,017674,,2,2,5,4203,0,2,S,,2,901,"HOPE AV","STATE ST",316.00,S,N,A,-,N,,,,,,,,,,Y,3,0,2,2,A,-,03,22350,,N,C,C,A,A,H,-,A,D,0,,,,,Y,,J,49,0,1,1,0,0,0,0,0,0,"- ","- ",34.439489999999999,-119.74675000000001,"SANTA BARBARA","SANTA BARBARA",-119.74668579999999,34.439667300000004
6071232,2013,2014-10-28,9755,2013-03-30,0359,016988,,6,3,9,4200,0,1,2,,2,004,"RT 101","RT 1",3168.00,S,N,E,F,Y,SB,5,101,-,-,48.250,H,-,N,N,4,0,1,1,A,-,03,22350,,N,E,I,A,B,H,-,D,D,1,,,,,Y,,J,48,0,0,1,0,0,0,0,0,0,"- ","- ",34.500709999999998,-120.22884000000001,"SANTA BARBARA",UNINCORPORATED,-120.228824,34.478857599999998
6071430,2013,2013-09-17,4203,2013-06-05,1728,6700,31,3,5,5,4203,0,0,0,,0,004,"DE LA VINA ST","DE LA GUERRA ST",0.00,,Y,A,-,N,,,,,,,,,,Y,4,0,2,2,A,-,09,21802,A,N,D,C,A,A,H,-,A,A,0,,,,,Y,,A,07,0,0,2,0,0,0,0,0,0,"- ","- ",,,"SANTA BARBARA","SANTA BARBARA",-119.70158240000001,34.417504899999997
6072614,2013,2014-02-21,9750,2013-05-14,1410,015514,,2,2,9,4200,0,3,5,,2,020,"HARRIS GRADE RD","RT 135",528.00,S,N,A,-,N,,,,,,,,,,N,3,0,2,3,A,-,08,22107,,N,C,G,A,A,H,-,A,D,0,,Y,,,Y,,D,22,0,2,0,0,0,0,2,0,0,"- ","- ",34.764299999999999,-120.42484,"SANTA BARBARA",UNINCORPORATED,-120.42453930000001,34.765048100000001
6072615,2013,2014-02-21,9750,2013-05-14,0955,013766,,2,1,9,4200,0,1,3,,1,023,"RT 135","HARRIS GRADE RD",1056.00,N,N,A,-,Y,SB,5,135,-,M,9.300,H,-,N,Y,3,0,1,2,A,-,05,21460,A,N,B,C,A,A,H,-,A,D,5,,,,,Y,,D,22,0,1,0,0,0,0,0,0,0,"- ","- ",34.768729999999998,-120.42744,"SANTA BARBARA",UNINCORPORATED,-120.4270126,34.7682948
6024675,2013,2014-02-10,4200,2013-04-01,0739,3637,,1,5,3,4205,0,0,0,,0,,"CARPINTERIA AV","WALNUT AV",22.00,E,N,A,-,N,,,,,,,,,,Y,4,0,1,3,A,-,03,22350,,N,C,C,A,A,H,-,A,D,0,,,,,Y,,-,"- ",0,0,1,0,0,0,0,0,0,"- ","- ",,,"SANTA BARBARA",CARPINTERIA,-119.516451,34.397362000000001
6086955,2013,2014-03-01,9750,2013-05-30,1940,017616,,4,2,9,4200,0,3,5,,2,030,"DOMINION RD","CLARK AV",8448.00,S,N,A,-,N,,,,,,,,,,Y,3,0,1,1,A,-,03,22350,,N,F,A,A,A,H,-,B,D,0,,,,Y,Y,,F,24,0,1,0,0,0,0,0,0,0,"- ","- ",34.84319,-120.34099999999999,"SANTA BARBARA",UNINCORPORATED,-120.34194100000001,34.843463999999997
6087364,2013,2014-02-22,9760,2013-05-06,1650,015658,,1,2,9,4200,0,3,5,,2,005,"EMBARCADERO DEL NORTE","PARDALL RD",0.00,,Y,A,-,N,,,,,,,,,,N,4,0,1,2,A,-,09,21802,A,N,D,G,A,A,H,-,A,A,0,,Y,,,Y,,A,01,0,0,1,0,0,0,1,0,0,"- ","- ",34.412889999999997,-119.85544,"SANTA BARBARA",UNINCORPORATED,-119.8554524,34.413144799999998
6087365,2013,2014-11-07,9760,2013-05-08,1400,017674,,3,2,5,4203,0,1,2,,2,011,"RT 101","HERMOSILLO RD",500.00,N,N,A,-,Y,SB,5,101,-,-,11.120,H,-,N,Y,4,0,1,1,A,-,08,22107,,N,E,I,A,A,H,-,A,D,1,,,,,Y,,A,01,0,0,1,0,0,0,0,0,0,"- ","- ",34.420589999999997,-119.64762,"SANTA BARBARA","SANTA BARBARA",-119.6486159,34.420945199999998
6087551,2013,2014-11-18,9760,2013-04-29,1958,18264,,1,2,9,4200,0,1,3,,1,022,"RT 154","PAINTED CAVE RD",1584.00,E,N,B,-,Y,SB,5,154,-,-,26.990,H,-,E,N,3,0,1,1,A,-,08,22107,,N,F,A,A,A,H,-,A,D,0,,,Y,,Y,,C,02,0,1,0,0,0,0,0,0,1,"- ","- ",34.492069999999998,-119.80082,"SANTA BARBARA",UNINCORPORATED,-119.79257269999999,34.487938999999997
6087598,2013,2014-11-07,9760,2013-05-29,0900,17307,,3,1,9,4200,0,1,2,,2,011,"RT 101","CABRILLO RD",45.00,N,N,A,-,Y,SB,5,101,-,-,11.620,R,1,S,N,4,0,1,2,A,-,21,22106,,N,C,C,A,A,H,-,A,A,1,,,,,Y,,D,22,0,0,1,0,0,0,0,0,0,TO,"- ",34.422690000000003,-119.65542000000001,"SANTA BARBARA",UNINCORPORATED,-119.6589524,34.422994799999998
6088417,2013,2014-02-27,9760,2013-05-09,0738,017674,,4,1,5,4203,0,1,2,,2,011,"RT 101","MILPAS ST",332.00,N,N,A,-,Y,SB,5,101,-,-,12.859,R,1,S,Y,4,0,1,3,A,-,03,22350,,N,C,C,A,A,H,-,A,D,1,,,,,Y,,D,22,0,0,1,0,0,0,0,0,0,"- ","- ",34.419960000000003,-117.67829999999999,"SANTA BARBARA","SANTA BARBARA",-119.6816324,34.419944800000003
6089451,2013,2014-03-01,9750,2013-05-29,2205,015334,,3,3,9,4200,0,1,3,,1,011,"RT 166","BLACK RD",2640.00,E,N,A,-,Y,SB,5,166,-,-,5.320,H,-,E,Y,3,0,2,2,A,-,09,21804,A,F,D,C,A,A,H,-,D,D,0,,,,,Y,,D,22,0,2,0,0,0,0,0,0,0,"- ","- ",34.954540000000001,-120.48121999999999,"SANTA BARBARA",UNINCORPORATED,-120.48082359999999,34.954673399999997
6094522,2013,2014-04-16,4202,2013-04-11,0214,274,,4,5,4,4202,0,0,0,,0,,"K ST","MAPLE AV",262.00,S,N,A,-,N,,,,,,,,,,Y,3,0,1,3,A,-,01,23152,B,N,C,E,A,A,H,-,A,A,0,,,,,Y,,A,01,0,1,0,0,0,0,0,0,0,"- ","- ",,,"SANTA BARBARA",LOMPOC,-120.4616461,34.644725200000003
6094531,2013,2014-03-01,4203,2013-05-20,1314,2520,4203,1,5,5,4203,0,0,0,,0,002,"MILPAS ST","CACIQUE ST",0.00,,Y,A,-,N,,,,,,,,,,N,3,0,1,2,A,-,10,21950,A,N,G,B,B,A,H,-,A,A,0,Y,,,,Y,,-,"- ",0,1,0,0,1,0,0,0,0,"- ","- ",,,"SANTA BARBARA","SANTA BARBARA",-119.6763224,34.4197749
6094534,2013,2014-02-26,4202,2013-05-20,1919,239,LOMPO,1,5,4,4202,0,0,0,,0,012,"O ST","COLLEGE AV",0.00,,Y,A,-,N,,,,,,,,,,N,4,0,1,2,A,-,01,23153,B,N,-,C,A,A,H,-,A,A,0,,,,,Y,Y,A,01,0,0,1,0,0,0,0,0,0,"- ","- ",,,"SANTA BARBARA",LOMPOC,-120.4666825,34.647084800000002
6094636,2013,2014-02-13,4202,2013-04-26,1024,239,LOMPO,5,5,4,4202,0,0,0,,0,001,"CENTRAL AV","O ST",0.00,,Y,A,-,N,,,,,,,,,,Y,3,0,2,2,A,-,12,21453,A,N,D,G,A,A,H,-,A,A,0,,Y,,,Y,,L,04,0,1,1,0,0,0,1,0,0,"- ","- ",,,"SANTA BARBARA",LOMPOC,-120.46642249999999,34.660894900000002
6094962,2013,2014-02-24,4203,2013-05-10,2136,6536,,5,5,5,4203,0,0,0,,0,004,"DE LA VINA ST","CARRILLO ST",11.00,N,N,A,-,N,,,,,,,,,,N,3,0,1,2,A,-,11,21950,B,N,G,B,B,A,H,-,C,A,0,Y,,,,Y,,N,60,0,1,0,0,1,0,0,0,0,"- ","- ",,,"SANTA BARBARA","SANTA BARBARA",-119.7041602,34.4194344
6094966,2013,2014-02-25,4203,2013-05-29,1721,2058,11,3,5,5,4203,0,0,0,,0,002,"OLD COAST HWY","HARBOR VIEW DR",1584.00,E,N,A,-,N,,,,,,,,,,Y,2,0,2,2,A,-,01,23152,A,N,D,C,A,A,H,-,A,D,0,,,Y,,Y,,-,"- ",2,0,0,0,0,0,0,0,2,"- ","- ",34.252400000000002,-119.39229,"SANTA BARBARA","SANTA BARBARA",-119.6596675,34.423397600000001
6094970,2013,2014-03-01,4203,2013-05-20,0844,1584,33,1,5,5,4203,0,0,0,,0,004,"MICHELTORENA ST","BATH ST",0.00,,Y,A,-,N,,,,,,,,,,Y,4,0,1,2,A,-,12,21453,A,N,D,C,A,A,H,-,A,A,0,,,,,Y,,-,"- ",0,0,1,0,0,0,0,0,0,"- ","- ",,,"SANTA BARBARA","SANTA BARBARA",-119.7116824,34.423024900000001
6094978,2013,2014-02-24,4203,2013-05-19,1420,2720,,7,5,5,4203,0,0,0,,0,005,"CALLE REAL","STATE ST",98.00,N,N,A,-,N,,,,,,,,,,N,3,0,1,1,A,-,03,22350,,N,E,I,A,A,H,-,A,D,0,,,,,Y,,-,"- ",0,1,0,0,0,0,0,0,0,"- ","- ",34.440730000000002,-119.75429,"SANTA BARBARA","SANTA BARBARA",-119.754231,34.440691200000003
6094982,2013,2014-02-24,4203,2013-05-11,1329,5086,30,6,5,5,4203,0,0,0,,0,,"EAST CABRILLO BL","ANACAPA ST",0.00,,Y,A,-,N,,,,,,,,,,N,3,0,1,2,A,-,10,21950,A,N,A,B,B,A,H,-,A,D,0,Y,,,,Y,,-,"- ",0,1,0,0,1,0,0,0,0,"- ","- ",34.250999999999998,-119.419,"SANTA BARBARA","SANTA BARBARA",-119.6880323,34.413304799999999
6095006,2013,2014-02-24,4203,2013-05-20,1900,5370,4203,1,5,5,4203,0,0,0,,0,005,"STATE ST","TOYON DR",42.00,W,N,A,-,N,,,,,,,,,,Y,2,0,3,1,A,-,01,23152,,N,E,I,A,A,H,-,A,D,0,,,,,Y,Y,-,"- ",1,1,1,0,0,0,0,0,0,"- ","- ",34.26258,-119.44179,"SANTA BARBARA","SANTA BARBARA",-119.7382717,34.440475499999998
6095015,2013,2014-02-25,4203,2013-05-09,1630,4732,,4,5,5,4203,0,0,0,,0,006,"RT 101","MISSION ST",0.00,,Y,A,-,Y,SB,5,101,-,R,15.900,R,1,S,N,4,0,1,2,D,-,00,,,M,D,G,A,A,H,-,A,A,0,,Y,,,Y,,-,"- ",0,0,1,0,0,0,1,0,0,"- ","- ",34.4251,-119.7208,"SANTA BARBARA","SANTA BARBARA",-119.72419240000001,34.426364800000002
6095131,2013,2015-01-15,4203,2013-05-24,1252,6031,,5,5,5,4203,0,0,0,,0,005,"CALLE REAL","STATE ST",528.00,W,N,A,-,N,,,,,,,,,,N,3,0,1,1,A,-,08,22107,,N,E,I,A,A,H,-,A,D,0,,,,,Y,,-,"- ",0,1,0,0,0,0,0,0,0,"- ","- ",,,"SANTA BARBARA","SANTA BARBARA",-119.7555844,34.4410241
6095139,2013,2014-04-09,4203,2013-05-24,1805,4464,,5,5,5,4203,0,0,0,,0,006,"SAN ANDRES ST","CARRILLO ST",240.00,N,N,A,-,N,,,,,,,,,,N,4,0,1,2,A,-,03,22350,,N,C,C,A,A,H,-,A,D,0,,,,,Y,,-,"- ",0,0,1,0,0,0,0,0,0,"- ","- ",34.245489999999997,-119.42411,"SANTA BARBARA","SANTA BARBARA",-119.7112668,34.415242499999998