CASE_ID,ACCIDENT_YEAR,PROC_DATE,JURIS,COLLISION_DATE,COLLISION_TIME,OFFICER_ID,REPORTING_DISTRICT,DAY_OF_WEEK,CHP_SHIFT,POPULATION,CNTY_CITY_LOC,SPECIAL_COND,BEAT_TYPE,CHP_BEAT_TYPE,CITY_DIVISION_LAPD,CHP_BEAT_CLASS,BEAT_NUMBER,PRIMARY_RD,SECONDARY_RD,DISTANCE,DIRECTION,INTERSECTION,WEATHER_1,WEATHER_2,STATE_HWY_IND,CALTRANS_COUNTY,CALTRANS_DISTRICT,STATE_ROUTE,ROUTE_SUFFIX,POSTMILE_PREFIX,POSTMILE,LOCATION_TYPE,RAMP_INTERSECTION,SIDE_OF_HWY,TOW_AWAY,COLLISION_SEVERITY,NUMBER_KILLED,NUMBER_INJURED,PARTY_COUNT,PRIMARY_COLL_FACTOR,PCF_CODE_OF_VIOL,PCF_VIOL_CATEGORY,PCF_VIOLATION,PCF_VIOL_SUBSECTION,HIT_AND_RUN,TYPE_OF_COLLISION,MVIW,PED_ACTION,ROAD_SURFACE,ROAD_COND_1,ROAD_COND_2,LIGHTING,CONTROL_DEVICE,CHP_ROAD_TYPE,PEDESTRIAN_ACCIDENT,BICYCLE_ACCIDENT,MOTORCYCLE_ACCIDENT,TRUCK_ACCIDENT,NOT_PRIVATE_PROPERTY,ALCOHOL_INVOLVED,STWD_VEHTYPE_AT_FAULT,CHP_VEHTYPE_AT_FAULT,COUNT_SEVERE_INJ,COUNT_VISIBLE_INJ,COUNT_COMPLAINT_PAIN,COUNT_PED_KILLED,COUNT_PED_INJURED,COUNT_BICYCLIST_KILLED,COUNT_BICYCLIST_INJURED,COUNT_MC_KILLED,COUNT_MC_INJURED,PRIMARY_RAMP,SECONDARY_RAMP,LATITUDE,LONGITUDE,COUNTY,CITY,POINT_X,POINT_Y
6166703,2013,2014-03-25,9760,2013-08-04,1324,19277,,7,1,9,4200,0,1,3,,1,014,"RT 192","VIA REAL",993.00,W,N,A,-,Y,SB,5,192,-,-,14.470,H,-,W,Y,4,0,6,2,A,-,09,21801,A,N,A,C,A,A,H,-,A,D,0,,,,,Y,,D,22,0,0,6,0,0,0,0,0,0,"- ","- ",34.420050000000003,-119.56085,"SANTA BARBARA",UNINCORPORATED,-119.5609204,34.4201981
6167132,2013,2014-05-27,9760,2013-07-04,2301,18431,,4,3,9,4200,0,1,2,,2,020,"RT 101","EL SUENO RD",23.00,N,N,A,-,Y,SB,5,101,-,-,18.850,R,2,N,Y,3,0,3,3,A,-,01,23152,A,N,E,I,A,A,H,-,C,A,1,,,,,Y,Y,A,01,0,1,2,0,0,0,0,0,0,"- ","- ",34.441510000000001,-119.76937,"SANTA BARBARA",UNINCORPORATED,-119.7671424,34.441064799999999
6167136,2013,2014-03-24,9760,2013-07-20,0928,017603,,6,1,9,4200,0,1,3,,1,014,"E VALLEY RD","SYCAMORE CANYON RD",8.00,E,N,A,-,Y,SB,5,192,-,-,7.930,H,-,W,N,4,0,1,1,A,-,08,22107,,N,F,A,A,A,H,-,A,D,0,,,Y,,Y,,C,02,0,0,1,0,0,0,0,0,1,"- ","- ",34.433549999999997,-119.64582,"SANTA BARBARA",UNINCORPORATED,-119.6460811,34.434064100000001
6167983,2013,2014-03-22,9755,2013-07-22,0710,11803,,1,1,9,4200,0,1,2,,2,004,"RT 101","RT 1",5280.00,S,N,B,C,Y,SB,5,101,-,-,47.850,H,-,S,Y,3,0,1,1,A,-,03,22350,,N,E,I,A,B,H,-,A,D,1,,,,,Y,,A,01,0,1,0,0,0,0,0,0,0,"- ","- ",34.486690000000003,-120.2277,"SANTA BARBARA",UNINCORPORATED,-120.2275654,34.475626800000001
6149104,2013,2014-03-05,4204,2013-06-15,1746,23000,36,6,5,5,4204,0,0,0,,0,002,"MAIN ST","BRADLEY RD",300.00,W,N,A,-,Y,SB,5,166,-,-,8.830,H,-,E,N,4,0,1,2,A,-,03,22350,,N,C,C,A,A,H,-,A,D,0,,,,,Y,,A,01,0,0,1,0,0,0,0,0,0,"- ","- ",,,"SANTA BARBARA","SANTA MARIA",-120.41892660000001,34.952974900000001
6149130,2013,2014-03-11,4204,2013-07-03,1328,20904,68,3,5,5,4204,0,0,0,,0,003,BROADWAY,ENOS,300.00,S,N,A,-,Y,SB,5,135,-,-,14.410,H,-,N,Y,4,0,1,2,A,-,03,22350,,N,C,C,A,A,H,-,A,D,0,,,,,Y,,-,"- ",0,0,1,0,0,0,0,0,0,"- ","- ",,,"SANTA BARBARA","SANTA MARIA",-120.4359426,34.933274900000001
6149134,2013,2014-03-11,4204,2013-07-02,1204,22104,87,2,5,5,4204,0,0,0,,0,003,"SKYWAY DR",HANGAR,1186.00,N,N,A,-,N,,,,,,,,,,Y,4,0,1,1,B,-,22,,,N,E,I,A,A,H,-,A,A,0,,,,,Y,,A,01,0,0,1,0,0,0,0,0,0,"- ","- ",,,"SANTA BARBARA","SANTA MARIA",-120.4539667,34.907098400000002
6149138,2013,2014-03-11,4204,2013-07-02,1114,22807,36,2,5,5,4204,0,0,0,,0,002,MAIN,BRADLEY,25.00,W,N,A,-,Y,SB,5,166,-,-,8.810,H,-,E,N,4,0,1,2,A,-,09,21804,A,N,D,C,A,A,H,-,A,D,0,,,,,Y,,-,"- ",0,0,1,0,0,0,0,0,0,"- ","- ",,,"SANTA BARBARA","SANTA MARIA",-120.41928249999999,34.952974900000001
6149373,2013,2014-03-06,4204,2013-06-28,1507,23397,53,5,5,5,4204,0,0,0,,0,002,MILLER,COOK,90.00,N,N,A,-,N,,,,,,,,,,N,4,0,1,3,A,-,03,22350,,N,C,C,A,A,H,-,A,A,0,,,,,Y,,-,"- ",0,0,1,0,0,0,0,0,0,"- ","- ",,,"SANTA BARBARA","SANTA MARIA",-120.4316013,34.950121899999999
6150154,2013,2014-03-19,4202,2013-07-05,1650,232,4202,5,5,4,4202,0,0,0,,0,,"AIRPORT AV","C ST",1.00,E,N,A,-,N,,,,,,,,,,Y,2,0,3,2,A,-,09,21803,A,N,A,C,A,A,H,-,A,D,0,,,,,Y,,A,01,1,1,1,0,0,0,0,0,0,"- ","- ",,,"SANTA BARBARA",LOMPOC,-120.4514193,34.648544800000003
6150158,2013,2014-03-19,4202,2013-07-02,1328,292,,2,5,4,4202,0,0,0,,0,,"LAUREL AV","O ST",435.00,W,N,A,-,N,,,,,,,,,,N,3,0,1,2,A,-,09,21804,A,N,D,G,A,A,H,-,A,D,0,,Y,,,Y,,L,04,0,1,0,0,0,0,1,0,0,"- ","- ",,,"SANTA BARBARA",LOMPOC,-120.4681683,34.643896400000003
6154830,2013,2014-03-14,9760,2013-07-18,1000,017097,,4,1,9,4200,0,1,2,,2,010,"RT 101","SAN YSIDRO RD",1000.00,S,N,A,-,Y,SB,5,101,-,-,9.370,H,-,N,N,4,0,1,2,A,-,03,22350,,N,C,C,A,A,H,-,A,D,1,,,,,Y,,D,22,0,0,1,0,0,0,0,0,0,"- ","- ",34.421680000000002,-119.6285,"SANTA BARBARA",UNINCORPORATED,-119.62018070000001,34.421179799999997
6155509,2013,2014-03-14,4204,2013-07-17,1545,19527,047,3,5,5,4204,0,0,0,,0,002,"MILLER ST","COOK ST",139.00,N,N,A,-,N,,,,,,,,,,N,4,0,1,3,A,-,07,21658,A,N,C,C,A,A,D,-,A,A,0,,,,,Y,,L,04,0,0,1,0,0,0,0,0,0,"- ","- ",,,"SANTA BARBARA","SANTA MARIA",-120.431606,34.950256400000001
6155517,2013,2014-03-14,4204,2013-07-18,1509,21338,075,4,5,5,4204,0,0,0,,0,003,"MILLER ST",INGER,69.00,N,N,A,-,N,,,,,,,,,,Y,4,0,2,3,A,-,03,22350,,N,C,C,A,A,H,-,A,D,0,,,,,Y,,A,01,0,0,2,0,0,0,0,0,0,"- ","- ",,,"SANTA BARBARA","SANTA MARIA",-120.4317741,34.926754299999999
6155923,2013,2014-03-13,4203,2013-07-02,1006,6700,46,2,5,5,4203,0,0,0,,0,003,"MICHELTORENA ST","LAGUNA ST",0.00,,Y,A,-,N,,,,,,,,,,N,4,0,1,2,A,-,09,21802,A,N,D,C,A,A,H,-,A,A,0,,,,,Y,,A,07,0,0,1,0,0,0,0,0,0,"- ","- ",34.254930000000002,-119.42136000000001,"SANTA BARBARA","SANTA BARBARA",-119.7037725,34.430444799999997
6155924,2013,2014-03-12,4204,2013-07-07,0629,23656,58,7,5,5,4204,0,0,0,,0,003,MILLER,STOWELL,0.00,,Y,A,-,N,,,,,,,,,,Y,4,0,2,2,A,-,12,21453,A,N,D,C,A,A,H,-,B,A,0,,,,,Y,,A,08,0,0,2,0,0,0,0,0,0,"- ","- ",,,"SANTA BARBARA","SANTA MARIA",-120.4316925,34.938434800000003
6168158,2013,2014-03-11,9755,2013-06-09,1524,016999,,7,2,9,4200,0,3,5,,2,040,"FOXEN CANYON RD","ZACA STATION RD",489.00,N,N,A,-,N,,,,,,,,,,Y,2,0,3,1,A,-,01,23152,A,N,E,I,A,A,H,-,A,D,0,,,,,Y,Y,A,01,2,1,0,0,0,0,0,0,0,"- ","- ",34.72719,-120.13290000000001,"SANTA BARBARA",UNINCORPORATED,-120.1332657,34.725917199999998
6170025,2013,2014-04-04,4202,2013-08-02,2339,239,LOMPO,5,5,4,4202,0,0,0,,0,,"O ST","NECTARINE AV",0.00,,Y,B,-,Y,,,,,,,,,,N,3,0,1,1,A,-,01,23152,A,M,E,I,A,A,H,-,C,D,0,,,,,Y,,A,01,0,1,0,0,0,0,0,0,0,"- ","- ",,,"SANTA BARBARA",LOMPOC,-120.46664250000001,34.649454800000001
6170037,2013,2014-04-04,4202,2013-08-01,1750,239,LOMPO,4,5,4,4202,0,0,0,,0,017,"SOMERSET PL","BERKELEY DR",50.00,S,N,A,-,N,,,,,,,,,,N,2,0,2,1,A,-,01,23152,A,F,E,I,A,A,H,-,A,D,0,,,,,Y,Y,A,01,1,1,0,0,0,0,0,0,0,"- ","- ",,,"SANTA BARBARA",LOMPOC,-120.4364205,34.6393305
6170196,2013,2014-03-19,4202,2013-07-28,1853,222,LOMPO,7,5,4,4202,0,0,0,,0,,"COLLEGE AV","A ST",174.00,W,N,A,-,N,,,,,,,,,,Y,2,0,4,2,A,-,09,21801,A,N,A,C,A,A,H,-,A,D,0,,,,,Y,,A,01,1,0,3,0,0,0,0,0,0,"- ","- ",,,"SANTA BARBARA",LOMPOC,-120.4495008,34.646934000000002
6170200,2013,2014-03-19,4202,2013-07-25,1129,292,,4,5,4,4202,0,0,0,,0,,"H ST","BARTON AV",0.00,,Y,A,-,Y,SB,5,1,-,-,21.810,I,5,S,N,3,0,1,2,A,-,05,21650,1,N,D,G,A,A,H,-,A,A,0,,Y,,,Y,,L,04,0,1,0,0,0,0,1,0,0,"- ","- ",,,"SANTA BARBARA",LOMPOC,-120.45771449999999,34.658847899999998
6170888,2013,2014-03-25,4202,2013-08-04,1847,274,,7,5,4,4202,0,0,0,,0,,"F ST","PINE AV",217.00,S,N,B,-,N,,,,,,,,,,Y,3,0,1,2,A,-,11,21950,B,N,G,B,D,A,H,-,C,D,0,Y,,,,Y,,N,60,0,1,0,0,1,0,0,0,0,"- ","- ",,,"SANTA BARBARA",LOMPOC,-120.45525259999999,34.649580299999997
6171322,2013,2014-03-27,9760,2013-08-10,0005,19387,,6,3,9,4200,0,1,3,,1,016,"RT 150","RINCON CREEK  BRIDGE",21.00,E,N,A,-,Y,SB,5,150,-,-,1.100,H,-,E,Y,2,0,1,1,A,-,01,23152,A,N,E,I,A,A,H,-,D,D,0,,,,,Y,Y,D,22,1,0,0,0,0,0,0,0,0,"- ","- ",34.385100000000001,-119.4684,"SANTA BARBARA",UNINCORPORATED,-119.4689924,34.3876749
6171357,2013,2014-06-17,4200,2013-08-17,0719,3875,6,6,5,2,4206,0,0,0,,0,,"RT 246","4TH PL W",0.00,,Y,A,-,Y,SB,5,246,-,-,29.360,I,5,W,N,4,0,1,2,A,-,03,22350,,N,C,C,A,A,H,-,A,D,0,,,,,Y,,D,22,0,0,1,0,0,0,0,0,0,"- ","- ",,,"SANTA BARBARA",SOLVANG,-120.1437715,34.596053300000001
6172340,2013,2014-04-04,9750,2013-08-13,0043,017379,,2,3,9,4200,0,1,2,,2,001,"RT 101","MAIN ST",800.00,N,N,A,-,Y,SB,5,101,-,-,88.780,H,-,S,Y,3,0,2,1,A,-,08,22107,,N,E,I,A,A,H,-,D,D,0,,,,,Y,,A,01,0,1,1,0,0,0,0,0,0,"- ","- ",34.953049999999998,-120.4175,"SANTA BARBARA",UNINCORPORATED,-120.4175049,34.956283800000001
6172341,2013,2014-04-04,9750,2013-08-12,1950,017379,,1,2,9,4200,0,1,2,,2,001,"RT 101",BROADWAY,528.00,N,N,A,-,Y,SB,5,101,-,-,90.850,H,-,S,Y,3,0,1,1,A,-,08,22107,,N,E,I,A,A,H,-,A,D,0,,,,,Y,,A,01,0,1,0,0,0,0,0,0,0,TO,"- ",34.981639999999999,-120.43228000000001,"SANTA BARBARA",UNINCORPORATED,-120.43272260000001,34.983824900000002
6172342,2013,2014-04-09,9750,2013-08-05,0925,016170,,1,1,9,4200,0,1,3,,1,012,"RT 1","BROWN RD",30.00,N,N,A,-,Y,SB,5,1,-,-,47.220,H,-,S,Y,4,0,1,2,A,-,09,21801,A,N,D,C,A,A,H,-,A,A,0,,,,,Y,,A,08,0,0,1,0,0,0,0,0,0,"- ","- ",,,"SANTA BARBARA",UNINCORPORATED,-120.56756540000001,34.931076599999997
6155928,2013,2014-03-12,4204,2013-07-08,1238,22807,74,1,5,5,4204,0,0,0,,0,003,BROADWAY,CARMEN,0.00,,Y,A,-,Y,SB,5,135,-,-,13.820,H,-,S,N,4,0,1,3,-,-,"- ",,,N,C,C,A,A,H,-,A,A,0,,,,,Y,,-,"- ",0,0,1,0,0,0,0,0,0,"- ","- ",,,"SANTA BARBARA","SANTA MARIA",-120.4361426,34.924936700000003
6155940,2013,2014-03-22,4204,2013-07-18,1413,23397,75,4,5,5,4204,0,0,0,,0,003,BROADWAY,NEWSLOVE,0.00,,Y,A,-,Y,SB,5,135,-,-,14.170,I,5,N,Y,4,0,1,2,A,-,"- ",,,N,D,C,A,A,D,-,A,A,0,,,,,Y,,-,"- ",0,0,1,0,0,0,0,0,0,"- ","- ",,,"SANTA BARBARA","SANTA MARIA",-120.4359626,34.929856800000003
6155944,2013,2014-03-12,4204,2013-07-05,1619,18261,75,5,5,5,4204,0,0,0,,0,003,"INGER ST",MCCLELLAND,0.00,,Y,A,-,N,,,,,,,,,,Y,3,0,1,2,A,-,09,21802,A,N,D,C,A,A,H,-,A,A,0,,,,,Y,,A,01,0,1,0,0,0,0,0,0,0,"- ","- ",,,"SANTA BARBARA","SANTA MARIA",-120.4336926,34.926584800000001
6155947,2013,2014-03-13,4203,2013-07-04,1433,2264,30,4,5,5,4203,0,0,0,,0,001,"MILPAS ST","GUTIERREZ ST",48.00,S,N,A,-,N,,,,,,,,,,N,3,0,1,2,A,-,06,21750,,N,B,G,A,A,H,-,A,D,0,,Y,,,Y,,-,"- ",0,1,0,0,0,0,1,0,0,"- ","- ",34.255000000000003,-119.43259999999999,"SANTA BARBARA","SANTA BARBARA",-119.68390309999999,34.425327699999997
6155950,2013,2014-03-12,4203,2013-07-08,1340,2520,4203,1,5,5,4203,0,0,0,,0,003,"STATE ST","MISSION ST",0.00,,Y,A,-,N,,,,,,,,,,Y,4,0,1,2,A,-,12,21453,A,N,D,D,A,A,H,-,A,A,0,,,,,Y,,-,"- ",0,0,1,0,0,0,0,0,0,"- ","- ",34.255000000000003,-119.4252,"SANTA BARBARA","SANTA BARBARA",-119.7147124,34.430844899999997
6155951,2013,2014-03-13,4203,2013-07-03,2133,4203,,3,5,5,4203,0,0,0,,0,004,"CASTILLO ST","RUTH AV",64.00,S,N,E,-,N,,,,,,,,,,Y,3,0,1,3,A,-,08,22107,,N,B,E,A,A,H,-,C,D,0,,,,,Y,Y,-,"- ",0,1,0,0,0,0,0,0,0,"- ","- ",34.2453,-119.4211,"SANTA BARBARA","SANTA BARBARA",-119.70303180000001,34.414810099999997
6155952,2013,2014-03-12,4204,2013-07-06,0604,90181,03,6,5,5,4204,0,0,0,,0,001,TAYLOR,FIESTA,0.00,,Y,A,-,N,,,,,,,,,,Y,4,0,1,3,A,-,09,21802,A,N,D,C,A,A,H,-,A,D,0,,,,,Y,,-,"- ",0,0,1,0,0,0,0,0,0,"- ","- ",,,"SANTA BARBARA","SANTA MARIA",-120.45008249999999,34.975094900000002
6155954,2013,2014-03-12,4203,2013-07-06,1758,5086,,6,5,5,4203,0,0,0,,0,003,"GARDEN ST","E ANAPAMU ST",0.00,,Y,A,-,N,,,,,,,,,,Y,4,0,2,2,A,-,12,21453,A,N,B,C,A,A,H,-,A,A,0,,,,,Y,,-,"- ",0,0,2,0,0,0,0,0,0,"- ","- ",34.253549999999997,-119.42039,"SANTA BARBARA","SANTA BARBARA",-119.7010824,34.426574799999997
6155955,2013,2014-05-12,4203,2013-07-03,1302,2520,4203,3,5,5,4203,0,0,0,,0,003,"ANACAPA ST","FIGUEROA ST",0.00,,Y,A,-,N,,,,,,,,,,N,3,0,1,2,A,-,"- ",,,N,D,G,A,A,H,-,A,D,0,,Y,,,Y,,L,04,0,1,0,0,0,0,1,0,0,"- ","- ",34.252600000000001,-119.429,"SANTA BARBARA","SANTA BARBARA",-119.7020424,34.423544800000002
6155958,2013,2014-03-12,4203,2013-07-20,1520,0394,4203,6,5,5,4203,0,0,0,,0,005,"CALLE NOGUERA","CALLE LAURELES",84.00,W,N,A,-,N,,,,,,,,,,N,3,0,1,2,A,-,08,22107,,N,B,E,A,A,H,-,A,D,0,,,,,Y,,-,"- ",0,1,0,0,0,0,0,0,0,"- ","- ",34.262920000000001,-119.43432,"SANTA BARBARA","SANTA BARBARA",-119.7284408,34.441447500000002
6155959,2013,2014-03-12,4204,2013-07-08,1233,90081,47,1,5,5,4204,0,0,0,,0,002,CYPRESS,EAST,0.00,,Y,A,-,N,,,,,,,,,,Y,4,0,1,2,A,-,09,21801,A,N,A,C,A,A,H,-,A,D,0,,,,,Y,,A,07,0,0,1,0,0,0,0,0,0,"- ","- ",,,"SANTA BARBARA","SANTA MARIA",-120.42695260000001,34.9509349
6155962,2013,2014-03-12,4203,2013-07-17,0813,2520,4203,3,5,5,4203,0,0,0,,0,001,"SALINAS ST","SALINAS PL",0.00,,Y,A,-,N,,,,,,,,,,N,4,0,1,2,A,-,17,22517,,N,B,C,A,A,H,-,A,D,0,,,,,Y,Y,-,"- ",0,0,1,0,0,0,0,0,0,"- ","- ",34.252600000000001,-119.402,"SANTA BARBARA","SANTA BARBARA",-119.67365239999999,34.427114899999999
6155963,2013,2014-03-12,4204,2013-07-07,1933,23471,68,7,5,5,4204,0,0,0,,0,003,BROADWAY,ENOS,187.00,N,N,A,-,Y,SB,5,135,-,-,14.510,H,-,S,Y,4,0,1,2,A,-,03,22350,,N,C,C,A,A,H,-,A,A,0,,,,,Y,,-,"- ",0,0,1,0,0,0,0,0,0,"- ","- ",,,"SANTA BARBARA","SANTA MARIA",-120.43613809999999,34.934663999999998
6155966,2013,2014-03-12,4203,2013-07-14,1914,3769,,7,5,5,4203,0,0,0,,0,005,"CALLE REAL","LAS POSITAS RD",528.00,W,N,A,-,N,,,,,,,,,,N,3,0,1,1,A,-,01,21200,5,N,H,A,A,A,H,-,A,D,0,,Y,,,Y,Y,L,04,0,1,0,0,0,0,1,0,0,"- ","- ",34.254100000000001,-119.4462,"SANTA BARBARA","SANTA BARBARA",-119.73555829999999,34.4286113
6155967,2013,2014-03-12,4204,2013-07-10,0843,21199,016,3,5,5,4204,0,0,0,,0,001,"RT 135","BUNNY ST",0.00,,Y,B,-,Y,SB,5,135,-,-,16.470,I,5,N,Y,4,0,1,2,A,-,09,21802,A,N,D,C,A,A,H,-,A,A,0,,,,,Y,,-,"- ",0,0,1,0,0,0,0,0,0,"- ","- ",,,"SANTA BARBARA","SANTA MARIA",-120.4356626,34.963238699999998
6155971,2013,2014-03-12,4204,2013-07-14,1732,23000,15,7,5,5,4204,0,0,0,,0,001,"WALNUT ST","ALVIN ST",200.00,N,N,A,-,N,,,,,,,,,,N,4,0,1,2,A,-,05,21202,A,N,D,C,A,A,H,-,A,D,0,,Y,,,Y,,L,04,0,0,1,0,0,0,1,0,0,"- ","- ",,,"SANTA BARBARA","SANTA MARIA",-120.4392826,34.960994200000002
6156137,2013,2014-03-10,4203,2013-06-24,1732,2058,53,1,5,5,4203,0,0,0,,0,005,"SAN ROQUE RD","CALLE ALAMO",0.00,,Y,A,-,N,,,,,,,,,,Y,4,0,1,2,A,-,09,21802,A,N,D,C,A,A,H,-,A,A,0,,,,,Y,,-,"- ",0,0,1,0,0,0,0,0,0,"- ","- ",34.262599999999999,-119.44031,"SANTA BARBARA","SANTA BARBARA",-119.7342024,34.440894800000002
6156141,2013,2014-03-10,4203,2013-06-29,0725,3197,,6,5,5,4203,0,0,0,,0,002,"CLIFF DR","WELDON RD",57.00,E,N,A,-,Y,SB,5,225,-,-,3.860,H,-,W,Y,3,0,1,1,A,-,08,22107,,N,A,I,A,A,H,-,A,D,0,,,,,Y,Y,-,"- ",0,1,0,0,0,0,0,0,0,"- ","- ",34.241599999999998,-119.4218,"SANTA BARBARA","SANTA BARBARA",-119.70297960000001,34.405790799999998
6156285,2013,2014-03-10,4204,2013-06-20,1549,21338,062,4,5,5,4204,0,0,0,,0,003,"RT 135","STOWELL RD",45.00,N,N,A,-,Y,SB,5,135,-,-,14.790,H,-,S,N,4,0,1,2,A,-,03,22350,,N,C,C,A,A,H,-,A,A,0,,,,,Y,,A,01,0,0,1,0,0,0,0,0,0,"- ","- ",,,"SANTA BARBARA","SANTA MARIA",-120.43614119999999,34.9386674
6156305,2013,2014-03-10,4204,2013-06-07,2007,23471,74,5,5,5,4204,0,0,0,,0,003,BROADWAY,CARMEN,0.00,,Y,A,-,Y,SB,5,135,-,-,13.810,I,5,N,N,3,0,1,2,A,-,05,21650,1,N,B,G,A,A,H,-,A,A,0,,Y,,,Y,,L,04,0,1,0,0,0,0,1,0,0,"- ","- ",,,"SANTA BARBARA","SANTA MARIA",-120.43595259999999,34.924602899999996
6156309,2013,2014-03-10,4204,2013-06-29,2246,20894,12,6,5,5,4204,0,0,0,,0,001,"E DONOVAN RD","SUEY RD",100.00,E,N,A,-,N,,,,,,,,,,Y,2,0,1,1,A,-,01,23152,A,N,A,I,A,A,H,-,C,D,0,,,,,Y,Y,-,"- ",1,0,0,0,0,0,0,0,0,"- ","- ",,,"SANTA BARBARA","SANTA MARIA",-120.40851910000001,34.967427999999998
6158228,2013,2014-03-22,4200,2013-07-14,1500,4255,14,7,5,4,4214,0,0,0,,0,050,"N FAIRVIEW AV","CALLE REAL",117.00,N,N,A,-,N,,,,,,,,,,Y,3,0,1,2,A,-,09,21804,A,N,D,C,A,A,H,-,A,D,0,,,,,Y,,D,22,0,1,0,0,0,0,0,0,0,"- ","- ",,,"SANTA BARBARA",GOLETA,-119.8306801,34.442025899999997
6173467,2013,2014-03-28,9760,2013-08-06,1645,17097,,2,2,5,4203,0,1,2,,2,020,"RT 101","LA CUMBRE RD",2112.00,S,N,A,-,Y,SB,5,101,-,-,17.380,H,-,N,Y,3,0,1,2,A,-,07,21658,A,N,F,A,A,A,H,-,A,D,1,,,Y,,Y,,D,22,0,1,0,0,0,0,0,0,1,"- ","- ",34.433219999999999,-119.74727,"SANTA BARBARA","SANTA BARBARA",-119.7457473,34.4321901
6173784,2013,2014-03-25,9760,2013-08-04,1852,18995,,7,2,9,4200,0,2,4,,1,021,"HOLLISTER AV","MAGNA VISTA ST",55.00,E,N,A,-,N,,,,,,,,,,N,3,0,1,1,A,-,01,21200,5,N,F,A,A,A,H,-,A,D,0,,Y,,,Y,Y,L,04,0,1,0,0,0,0,1,0,0,"- ","- ",34.437100000000001,-119.78660000000001,"SANTA BARBARA",UNINCORPORATED,-119.7866551,34.437209500000002
6173828,2013,2014-03-25,9760,2013-08-03,0001,19534,,6,3,4,4214,0,3,5,,2,005,"DEL PLAYA DR","EL EMBARCADERO",150.00,W,N,A,-,N,,,,,,,,,,N,3,0,1,2,D,-,00,,,N,G,B,F,A,H,-,C,D,0,Y,,,,Y,Y,-,"- ",0,1,0,0,1,0,0,0,0,"- ","- ",34.40934,-119.85637,"SANTA BARBARA",GOLETA,-119.85677769999999,34.409513799999999
6173941,2013,2014-03-29,9760,2013-08-16,1320,19277,,5,1,3,4205,0,1,2,,2,010,"RT 101","CASITAS PASS RD",100.00,S,N,A,-,Y,SB,5,101,-,-,2.420,H,-,N,N,4,0,1,2,A,-,03,22350,,N,C,D,A,A,H,-,A,D,1,,,Y,,Y,,C,02,0,0,1,0,0,0,0,0,1,"- ","- ",34.39629,-119.51141,"SANTA BARBARA",CARPINTERIA,-119.5092253,34.393567699999998
6173945,2013,2014-03-29,9760,2013-08-12,2002,018572,,1,2,5,4203,0,1,2,,2,011,"RT 101","LAS POSITAS RD",379.00,S,N,A,-,Y,SB,5,101,-,-,16.480,H,-,N,Y,2,0,2,1,A,-,01,23152,A,N,E,I,A,A,H,-,C,D,1,,,,,Y,Y,A,01,1,1,0,0,0,0,0,0,0,"- ","- ",34.427669999999999,-119.73132,"SANTA BARBARA","SANTA BARBARA",-119.73242689999999,34.4279321
6173949,2013,2014-03-29,9760,2013-08-19,1955,018264,,1,2,9,4200,0,1,2,,1,040,"RT 101","MARIPOSA REINA",3168.00,S,N,A,-,Y,SB,5,101,-,-,44.240,H,-,S,Y,3,0,1,1,A,-,08,22107,,N,E,I,A,A,H,-,B,D,5,,,,,Y,,A,01,0,1,0,0,0,0,0,0,0,"- ","- ",,,"SANTA BARBARA",UNINCORPORATED,-120.1771183,34.471434799999997
6174063,2013,2014-04-01,9760,2013-08-06,0825,15658,,2,1,5,4203,0,1,2,,2,020,"RT 101","LAS POSITAS RD",1.00,N,N,B,-,Y,SB,5,101,-,-,16.550,H,-,N,Y,3,0,1,4,A,-,07,21658,A,N,B,C,A,A,H,-,A,D,1,,,,,Y,,A,01,0,1,0,0,0,0,0,0,0,"- ","- ",34.42803,-119.73358,"SANTA BARBARA","SANTA BARBARA",-119.734103,34.428191699999999
6175283,2013,2014-03-22,9760,2013-07-18,1630,017140,,4,2,9,4200,0,1,2,,2,010,"RT 101","SAN YSIDRO",380.00,S,N,B,-,Y,SB,5,101,-,-,9.490,H,-,S,Y,4,0,1,2,A,-,01,23152,A,F,C,C,A,A,H,-,A,D,1,,,,,Y,Y,A,08,0,0,1,0,0,0,0,0,0,"- ","- ",34.211100000000002,-119.60792000000001,"SANTA BARBARA",UNINCORPORATED,-119.62227059999999,34.420874400000002
6175354,2013,2014-03-27,9760,2013-07-20,0132,018754,,6,3,9,4200,0,1,3,,1,022,"SAN ANTONIO CREEK RD","RT 154",160.00,S,N,A,-,Y,,,,,,,,,,Y,3,0,1,1,A,-,08,22107,,N,E,I,A,A,H,-,D,D,0,,,,,Y,Y,A,01,0,1,0,0,0,0,0,0,0,"- ","- ",34.46904,-119.77509000000001,"SANTA BARBARA",UNINCORPORATED,-119.77524440000001,34.469266400000002
6175358,2013,2014-03-22,9760,2013-07-18,1631,017140,,4,2,3,4205,0,1,2,,2,010,"RT 101","SAN YSIDRO RD",600.00,S,N,A,-,Y,SB,5,101,-,-,9.450,H,-,S,Y,4,0,2,2,A,-,01,23152,A,F,C,C,A,A,H,-,A,D,1,,,,,Y,Y,A,08,0,0,2,0,0,0,0,0,0,"- ","- ",34.421639999999996,-119.62912,"SANTA BARBARA",CARPINTERIA,-119.62173970000001,34.420900500000002
6176246,2013,2014-03-22,4204,2013-07-08,2126,90232,41,1,5,5,4204,0,0,0,,0,002,COOK,THORNBURG,0.00,,Y,A,-,N,,,,,,,,,,Y,4,0,1,2,A,-,09,21802,A,N,D,C,A,A,H,-,C,A,0,,,,,Y,,-,"- ",0,0,1,0,0,0,0,0,0,"- ","- ",,,"SANTA BARBARA","SANTA MARIA",-120.4404025,34.949854899999998