CASE_ID,ACCIDENT_YEAR,PROC_DATE,JURIS,COLLISION_DATE,COLLISION_TIME,OFFICER_ID,REPORTING_DISTRICT,DAY_OF_WEEK,CHP_SHIFT,POPULATION,CNTY_CITY_LOC,SPECIAL_COND,BEAT_TYPE,CHP_BEAT_TYPE,CITY_DIVISION_LAPD,CHP_BEAT_CLASS,BEAT_NUMBER,PRIMARY_RD,SECONDARY_RD,DISTANCE,DIRECTION,INTERSECTION,WEATHER_1,WEATHER_2,STATE_HWY_IND,CALTRANS_COUNTY,CALTRANS_DISTRICT,STATE_ROUTE,ROUTE_SUFFIX,POSTMILE_PREFIX,POSTMILE,LOCATION_TYPE,RAMP_INTERSECTION,SIDE_OF_HWY,TOW_AWAY,COLLISION_SEVERITY,NUMBER_KILLED,NUMBER_INJURED,PARTY_COUNT,PRIMARY_COLL_FACTOR,PCF_CODE_OF_VIOL,PCF_VIOL_CATEGORY,PCF_VIOLATION,PCF_VIOL_SUBSECTION,HIT_AND_RUN,TYPE_OF_COLLISION,MVIW,PED_ACTION,ROAD_SURFACE,ROAD_COND_1,ROAD_COND_2,LIGHTING,CONTROL_DEVICE,CHP_ROAD_TYPE,PEDESTRIAN_ACCIDENT,BICYCLE_ACCIDENT,MOTORCYCLE_ACCIDENT,TRUCK_ACCIDENT,NOT_PRIVATE_PROPERTY,ALCOHOL_INVOLVED,STWD_VEHTYPE_AT_FAULT,CHP_VEHTYPE_AT_FAULT,COUNT_SEVERE_INJ,COUNT_VISIBLE_INJ,COUNT_COMPLAINT_PAIN,COUNT_PED_KILLED,COUNT_PED_INJURED,COUNT_BICYCLIST_KILLED,COUNT_BICYCLIST_INJURED,COUNT_MC_KILLED,COUNT_MC_INJURED,PRIMARY_RAMP,SECONDARY_RAMP,LATITUDE,LONGITUDE,COUNTY,CITY,POINT_X,POINT_Y
6281936,2013,2014-05-05,9750,2013-11-26,2145,017379,,2,2,9,4200,0,2,4,,1,024,"SANTA MARIA WY","COLLEGE DR",0.00,,Y,A,-,N,,,,,,,,,,Y,4,0,2,2,A,-,09,21453,C,N,A,C,A,A,H,-,C,A,0,,,,,Y,,A,01,0,0,2,0,0,0,0,0,0,"- ","- ",34.895310000000002,-120.42234000000001,"SANTA BARBARA",UNINCORPORATED,-120.4225126,34.895384900000003
6282000,2013,2014-05-05,9750,2013-11-02,0630,013267,,6,1,9,4200,0,1,3,,1,011,"RT 166","BLACK RD",272.00,E,N,A,-,Y,SB,5,166,-,-,4.870,H,-,E,Y,4,0,1,3,A,-,09,21802,A,F,D,A,A,A,H,-,A,D,0,,,,,Y,,A,01,0,0,1,0,0,0,0,0,0,"- ","- ",34.955289999999998,-120.48833,"SANTA BARBARA",UNINCORPORATED,-120.4887217,34.955267599999999
6282047,2013,2014-05-05,9760,2013-11-04,0928,015658,,1,1,4,4214,0,1,2,,1,030,"RT 101","LOS CARNEROS RD",3960.00,S,N,A,-,Y,SB,5,101,-,-,22.960,H,-,N,Y,3,0,2,1,A,-,08,22107,,N,E,I,A,A,H,-,A,D,1,,,,,Y,,A,01,0,2,0,0,0,0,0,0,0,"- ","- ",34.439100000000003,-119.03961,"SANTA BARBARA",GOLETA,-119.8408943,34.438825000000001
6282048,2013,2014-05-05,9760,2013-11-09,0102,019831,,6,3,5,4203,0,1,2,,2,011,"RT 101","CASTILLO ST",724.00,S,N,A,-,Y,SB,5,101,-,R,14.050,H,-,S,N,2,0,1,2,A,-,11,21461,5,N,G,B,E,A,H,-,A,D,1,Y,,,,Y,Y,N,60,1,0,0,0,1,0,0,0,0,"- ","- ",34.412700000000001,-119.69637,"SANTA BARBARA","SANTA BARBARA",-119.6944295,34.413843399999998
6282051,2013,2014-05-05,9760,2013-11-04,0820,015658,,1,1,9,4200,0,1,2,,2,020,"RT 101","PATTERSON AV",1320.00,S,N,A,-,Y,SB,5,101,-,-,20.910,H,-,N,N,3,0,1,2,A,-,07,21658,A,N,C,C,A,A,H,-,A,D,1,,,,,Y,,A,01,0,1,0,0,0,0,0,0,0,"- ","- ",34.441949999999999,-119.80604,"SANTA BARBARA",UNINCORPORATED,-119.8026371,34.4416048
6282052,2013,2014-05-05,9760,2013-11-18,1145,015658,,1,1,9,4200,0,3,5,,2,005,"EL COLEGIO RD","EMBARCADERO DEL NORTE",40.00,W,N,B,-,N,,,,,,,,,,Y,3,0,1,1,A,-,08,22107,,N,F,A,A,A,H,-,A,D,0,,,Y,,Y,,C,02,0,1,0,0,0,0,0,0,1,"- ","- ",34.417470000000002,-119.85552,"SANTA BARBARA",UNINCORPORATED,-119.85554500000001,34.417305599999999
6282055,2013,2014-05-05,9760,2013-11-05,0755,017374,,2,1,9,4200,0,1,2,,2,011,"RT 101","CARRILLO ST",1056.00,N,N,A,-,Y,SB,5,101,-,R,14.990,H,-,N,Y,4,0,1,3,A,-,03,22350,,N,C,C,A,A,H,-,A,A,1,,,,,Y,,A,01,0,0,1,0,0,0,0,0,0,"- ","- ",34.419049999999999,-119.71119,"SANTA BARBARA",UNINCORPORATED,-119.71089120000001,34.418794699999999
6282056,2013,2014-05-07,9760,2013-11-15,1849,19446,,5,2,9,4200,0,3,5,,2,002,"TURNPIKE RD","CALLE REAL",528.00,S,N,A,-,Y,,,,,,,,,,N,4,0,1,4,A,-,21,22106,,M,C,C,A,A,H,-,C,A,0,,,,,Y,,A,01,0,0,1,0,0,0,0,0,0,"- ","- ",34.443620000000003,-119.78955999999999,"SANTA BARBARA",UNINCORPORATED,-119.7894225,34.442435500000002
6282060,2013,2014-05-05,9760,2013-11-14,1635,017674,,4,2,5,4203,0,1,2,,2,011,"RT 101","LAS POSITAS RD",1438.00,S,N,A,-,Y,SB,5,101,-,-,16.280,H,-,N,Y,4,0,2,3,A,-,03,22350,,N,C,C,A,A,H,-,B,D,1,,,,,Y,,A,01,0,0,2,0,0,0,0,0,0,"- ","- ",34.427439999999997,-119.72995,"SANTA BARBARA","SANTA BARBARA",-119.7278474,34.427055099999997
6282064,2013,2014-05-05,9760,2013-11-17,0205,19446,,7,3,9,4200,0,1,2,,2,011,"RT 101","CABRILLO BL",250.00,S,N,A,-,Y,SB,5,101,-,-,11.340,H,-,N,N,4,0,1,1,A,-,08,22107,,N,E,I,A,A,H,-,D,D,1,,,,,Y,,A,01,0,0,1,0,0,0,0,0,0,"- ","- ",34.251899999999999,-119.3921,"SANTA BARBARA",UNINCORPORATED,-119.65345240000001,34.422504799999999
6282068,2013,2014-05-05,9760,2013-11-19,0825,017140,,2,1,3,4205,0,1,2,,2,010,"RT 101","BAILARD AV",40.00,N,N,A,-,Y,SB,5,101,-,-,1.630,H,-,N,Y,4,0,1,2,A,-,03,22350,,N,C,C,A,A,-,-,A,D,1,,,,,Y,,A,01,0,0,1,0,0,0,0,0,0,"- ","- ",34.388420000000004,-119.49807,"SANTA BARBARA",CARPINTERIA,-119.49782449999999,34.388458100000001
6282100,2013,2014-04-24,4204,2013-10-06,0906,23351,86,7,5,5,4204,0,0,0,,0,B03,"RT 135",SKYWAY,2.00,S,N,A,-,Y,SB,5,135,-,-,17.710,H,-,S,N,4,0,1,2,A,-,10,21950,A,N,A,B,B,A,H,-,A,A,0,Y,,,,Y,,-,"- ",0,0,1,0,1,0,0,0,0,"- ","- ",,,"SANTA BARBARA","SANTA MARIA",-120.4331571,34.980089800000002
6282104,2013,2014-04-24,4204,2013-10-06,1516,90139,67,7,5,5,4204,0,0,0,,0,003,BATTLES,"SOUTH THORNBURG",0.00,,Y,A,-,N,,,,,,,,,,N,4,0,2,3,A,-,10,21950,A,N,G,B,B,A,H,-,A,A,0,Y,,,,Y,,-,"- ",0,0,2,0,2,0,0,0,0,"- ","- ",,,"SANTA BARBARA","SANTA MARIA",-120.4405026,34.931564799999997
6282140,2013,2014-04-25,9760,2013-10-03,1744,018264,,4,2,9,4200,0,1,2,,2,020,"RT 101","PATTERSON AV",1092.00,S,N,A,-,Y,SB,5,101,-,-,20.950,H,-,N,Y,4,0,1,2,A,-,07,21658,A,N,B,C,A,A,H,-,A,D,1,,,Y,,Y,,A,01,0,0,1,0,0,0,0,0,1,"- ","- ",34.441800000000001,-119.80455000000001,"SANTA BARBARA",UNINCORPORATED,-119.80316190000001,34.4416096
6282497,2013,2014-03-29,4203,2013-10-26,2312,19534,,6,5,5,4203,0,0,0,,0,,"STATE ST","DE LA GUERRA ST",65.00,N,N,A,-,N,,,,,,,,,,Y,4,0,2,1,A,-,01,23152,A,N,E,I,A,A,H,-,C,A,0,,,,,Y,Y,A,07,0,0,2,0,0,0,0,0,0,"- ","- ",34.419890000000002,-119.69961000000001,"SANTA BARBARA","SANTA BARBARA",-119.69966410000001,34.419902800000003
6283233,2013,2014-05-12,4202,2013-11-23,1202,232,4202,6,5,4,4202,0,0,0,,0,,"CENTRAL AV","L ST",210.00,E,N,A,-,N,,,,,,,,,,Y,3,0,3,3,A,-,03,22350,,N,C,C,A,A,H,-,A,A,0,,,,,Y,,A,01,0,1,2,0,0,0,0,0,0,"- ","- ",,,"SANTA BARBARA",LOMPOC,-120.4613655,34.660884299999999
6283237,2013,2014-05-12,4202,2013-11-22,1148,265,LOMPO,5,5,4,4202,0,0,0,,0,,"RT 1","PINE AV",319.00,S,N,A,-,Y,SB,5,1,-,-,21.280,H,-,N,N,4,0,1,3,A,-,03,22350,,N,C,C,A,A,H,-,A,A,0,,,,,Y,,D,22,0,0,1,0,0,0,0,0,0,"- ","- ",,,"SANTA BARBARA",LOMPOC,-120.4576407,34.654912899999999
6283511,2013,2014-04-16,4204,2013-09-30,0851,21513,32,1,5,5,4204,0,0,0,,0,002,"WEST MAIN","NORTH BENWILEY",53.00,E,N,A,-,Y,SB,5,166,-,-,7.340,H,-,W,Y,4,0,1,2,A,-,21,22106,,N,D,C,A,A,H,-,A,D,0,,,,,Y,,A,,0,0,1,0,0,0,0,0,0,"- ","- ",,,"SANTA BARBARA","SANTA MARIA",-120.4455052,34.9532825
6283556,2013,2014-05-08,4203,2013-11-25,1438,6700,30,1,5,5,4203,0,0,0,,0,004,"HALEY ST","BATH ST",0.00,,Y,A,-,N,,,,,,,,,,Y,3,0,1,2,A,-,09,21801,A,N,D,C,A,A,H,-,A,A,0,,,Y,,Y,,A,01,0,1,0,0,0,0,0,0,1,"- ","- ",34.244900000000001,-119.4156,"SANTA BARBARA","SANTA BARBARA",-119.69890239999999,34.413674899999997
6283560,2013,2014-05-08,4203,2013-11-24,1913,2736,,7,5,5,4203,0,0,0,,0,003,"GARDEN ST","RT 101",0.00,,Y,A,-,Y,SB,5,101,-,-,13.611,R,4,N,Y,4,0,1,2,A,-,09,21801,A,N,D,C,A,A,H,-,C,A,0,,,,,Y,,-,"- ",0,0,1,0,0,0,0,0,0,"- ",NO,34.250309999999999,-119.41255,"SANTA BARBARA","SANTA BARBARA",-119.6925124,34.415874799999997
6283564,2013,2014-05-08,4203,2013-11-14,1443,5370,,4,5,5,4203,0,0,0,,0,003,"GARDEN ST","E FIGUEROA ST",0.00,,Y,A,-,N,,,,,,,,,,N,4,0,1,2,D,-,00,,,F,D,C,A,A,D,-,A,A,0,,,,,Y,,-,"- ",0,0,1,0,0,0,0,0,0,"- ","- ",34.253230000000002,-119.41592,"SANTA BARBARA","SANTA BARBARA",-119.6997624,34.425634899999999
6283568,2013,2014-05-08,4203,2013-11-15,1548,2058,31,5,5,5,4203,0,0,0,,0,004,"CANON PERDIDO ST","DE LA VINA ST",0.00,,Y,A,-,N,,,,,,,,,,Y,4,0,1,2,A,-,09,21802,A,N,D,C,A,A,H,-,A,A,0,,,,,Y,,-,"- ",0,0,1,0,0,0,0,0,0,"- ","- ",34.250619999999998,-119.42103,"SANTA BARBARA","SANTA BARBARA",-119.70284239999999,34.418444800000003
6283572,2013,2014-05-08,4203,2013-11-15,2009,6495,,5,5,5,4203,0,0,0,,0,004,"HALEY ST","BATH ST",9.00,W,N,A,-,N,,,,,,,,,,N,4,0,1,2,A,-,10,21950,A,N,G,B,B,A,H,-,E,A,0,Y,,,,Y,,-,"- ",0,0,1,0,1,0,0,0,0,"- ","- ",34.253140000000002,-119.42039,"SANTA BARBARA","SANTA BARBARA",-119.6989215,34.413655800000001
6283714,2013,2014-05-21,4203,2013-11-28,1822,5370,,4,5,5,4203,0,0,0,,0,004,"W CARRILLO ST","CHAPALA ST",48.00,W,N,A,-,N,,,,,,,,,,Y,3,0,1,2,A,-,09,21804,A,N,D,C,A,A,H,-,C,A,0,,,,,Y,,-,"- ",0,1,0,0,0,0,0,0,0,"- ","- ",,,"SANTA BARBARA","SANTA BARBARA",-119.7031396,34.420347399999997
6283718,2013,2014-05-21,4203,2013-11-27,1542,6969,42,3,5,5,4203,0,0,0,,0,004,"MICHELTORENA ST","CHAPALA ST",0.00,,Y,A,-,Y,,,,,,,,,,,3,0,1,2,A,-,12,21453,A,N,D,C,A,A,H,-,A,A,0,,,,,Y,,-,"- ",0,1,0,0,0,0,0,0,0,"- ","- ",34.253,-119.4233,"SANTA BARBARA","SANTA BARBARA",-119.70942239999999,34.425134900000003
6283722,2013,2014-05-21,4203,2013-11-22,0623,2264,30,5,5,5,4203,0,0,0,,0,005,"RT 154","CALLE REAL",0.00,,Y,A,-,Y,SB,5,154,-,R,32.250,I,5,W,N,4,0,1,2,A,-,05,21202,A,N,D,G,A,B,H,-,-,A,0,,Y,,,Y,,L,04,0,0,1,0,0,0,1,0,0,"- ","- ",34.262900000000002,-119.4537,"SANTA BARBARA","SANTA BARBARA",-119.7598124,34.4413348
6290977,2013,2014-07-14,4202,2013-02-06,0612,239,LOMPO,3,5,4,4202,0,0,0,,0,010,"COLLEGE AV","I ST",0.00,,Y,B,-,N,,,,,,,,,,N,1,1,0,2,A,-,10,21954,B,F,G,B,B,A,H,-,C,A,0,Y,,,,Y,,A,01,0,0,0,1,0,0,0,0,0,"- ","- ",,,"SANTA BARBARA",LOMPOC,-120.45909260000001,34.647014800000001
6291016,2013,2014-08-06,9755,2013-08-29,1630,17910,,4,2,9,4200,0,3,5,,2,050,"JALAMA RD","RT 1",39072.00,W,N,A,-,N,,,,,,,,,,Y,1,1,0,1,A,-,08,22107,,N,E,I,A,A,H,-,A,D,0,,,,,Y,,A,01,0,0,0,0,0,0,0,0,0,"- ","- ",34.52102,-120.42323,"SANTA BARBARA",UNINCORPORATED,-120.423301,34.520727000000001
6291053,2013,2015-01-16,4203,2013-03-02,1311,4735,4203,6,5,5,4203,0,0,0,,0,001,"RT 192","UPPER MISSION CAYON RD",1584.00,E,N,A,-,Y,SB,5,192,-,-,3.540,H,-,E,Y,1,1,3,4,A,-,05,21460,A,F,A,C,A,A,H,-,A,D,0,,,Y,,Y,Y,C,02,1,1,1,0,0,0,0,1,1,"- ","- ",34.446899999999999,-119.70926,"SANTA BARBARA","SANTA BARBARA",-119.7058538,34.446366300000001
6293043,2013,2014-05-09,9755,2013-11-08,0050,017967,,5,3,9,4200,0,1,3,,2,041,"RT 246","REFUGIO RD",1056.00,E,N,A,-,Y,SB,5,246,-,-,32.320,H,-,W,Y,3,0,1,2,A,-,01,23152,A,N,C,C,A,A,H,-,D,D,0,,,,,Y,Y,A,01,0,1,0,0,0,0,0,0,0,"- ","- ",34.606749999999998,-120.09533999999999,"SANTA BARBARA",UNINCORPORATED,-120.0947889,34.6066754
6293044,2013,2014-05-09,9755,2013-11-06,1830,012436,,3,2,9,4200,0,1,2,,2,004,"RT 101","NOJOQUI CREEK BR",150.00,S,N,A,-,Y,SB,5,101,-,-,55.630,H,-,N,Y,4,0,1,1,A,-,07,21658,A,N,E,I,A,A,H,-,D,D,1,,,,,Y,,A,01,0,0,1,0,0,0,0,0,0,"- ","- ",34.590479999999999,-120.19302999999999,"SANTA BARBARA",UNINCORPORATED,-120.1936283,34.573917799999997
6293045,2013,2014-05-09,9760,2013-11-11,0545,014690,,1,3,5,4203,0,1,2,,2,020,"RT 101","LAS POSITAS RD",500.00,N,N,A,-,Y,SB,5,101,-,-,16.720,R,3,S,Y,4,0,1,1,A,-,08,22107,,N,F,A,A,A,H,-,D,D,1,,,Y,,Y,,C,02,0,0,1,0,0,0,0,0,1,"- ","- ",34.428220000000003,-119.73554,"SANTA BARBARA","SANTA BARBARA",-119.7373424,34.428354800000001
6293046,2013,2014-05-09,9760,2013-11-15,1648,19831,,5,2,9,4200,0,1,2,,1,030,"RT 101","DOS PUEBLOS CANYON",7920.00,S,N,A,-,Y,SB,5,101,-,-,28.570,H,-,N,Y,4,0,1,1,A,-,08,22107,,N,E,I,A,A,H,-,A,D,5,,,,,Y,,A,01,0,0,1,0,0,0,0,0,0,"- ","- ",34.43994,-119.93888,"SANTA BARBARA",UNINCORPORATED,-119.9360156,34.439522799999999
6293047,2013,2014-05-09,9760,2013-11-16,2105,019819,,6,2,5,4203,0,1,2,,2,011,"RT 101","CABRILLO BL",528.00,S,N,A,-,Y,SB,5,101,-,-,11.290,H,-,N,Y,4,0,2,2,A,-,07,21658,A,N,C,C,A,A,H,-,C,D,1,,,,,Y,,A,01,0,0,2,0,0,0,0,0,0,"- ","- ",34.251899999999999,-119.398,"SANTA BARBARA","SANTA BARBARA",-119.6522623,34.4220477
6293048,2013,2014-05-09,9760,2013-11-17,0125,19831,,7,3,9,4200,0,3,5,,2,002,"PARADISE RD","STAGECOACH RD",2640.00,N,N,A,-,N,,,,,,,,,,Y,3,0,1,1,A,-,01,23152,A,N,E,I,A,A,H,-,D,D,0,,,,,Y,Y,A,01,0,1,0,0,0,0,0,0,0,"- ","- ",34.541089999999997,-119.54715,"SANTA BARBARA",UNINCORPORATED,-119.8473292,34.540414400000003
6294488,2013,2014-04-18,4204,2013-10-03,1829,90042,15,4,5,5,4204,0,0,0,,0,001,"RT 135","WEST MCELHANEY",114.00,S,N,A,-,Y,SB,5,135,-,-,16.390,H,-,S,Y,2,0,1,2,A,-,11,21954,A,N,G,B,E,A,H,-,B,D,0,Y,,,,Y,,N,60,1,0,0,0,1,0,0,0,0,"- ","- ",,,"SANTA BARBARA","SANTA MARIA",-120.43582480000001,34.962056099999998
6294496,2013,2014-04-18,4204,2013-10-16,1610,19527,75,3,5,5,4204,0,0,0,,0,003,"RT 135","WESTERN VILLAGE",45.00,S,N,A,-,Y,SB,5,135,-,-,13.700,H,-,N,N,3,0,1,2,A,-,08,22107,,N,D,G,A,A,H,-,A,A,0,,Y,,,Y,,A,01,0,1,0,0,0,0,1,0,0,"- ","- ",,,"SANTA BARBARA","SANTA MARIA",-120.43595259999999,34.923040499999999
6283726,2013,2014-05-21,4203,2013-11-25,1842,9480,,1,5,5,4203,0,0,0,,0,005,"CONSTANCE ST","STATE ST",163.00,W,N,B,-,N,,,,,,,,,,N,4,0,1,2,A,-,11,21954,A,N,B,B,D,A,H,-,C,D,0,Y,,,,Y,Y,N,60,0,0,1,0,1,0,0,0,0,"- ","- ",,,"SANTA BARBARA","SANTA BARBARA",-119.72268219999999,34.436053800000003
6283880,2013,2014-05-12,4203,2013-11-20,1241,7083,4203,3,5,5,4203,0,0,0,,0,004,"WEST SOLA ST","DE LA VINA ST",77.00,E,N,B,-,N,,,,,,,,,,N,3,0,1,2,A,-,09,21801,A,N,B,G,A,A,H,-,A,D,0,,Y,,,Y,,-,"- ",0,1,0,0,0,0,1,0,0,"- ","- ",34.423200000000001,-119.7089,"SANTA BARBARA","SANTA BARBARA",-119.7091143,34.423313800000003
6283884,2013,2014-05-12,4203,2013-11-21,0600,7193,,4,5,5,4203,0,0,0,,0,004,"STATE ST","MISSION ST",118.00,S,N,C,-,N,,,,,,,,,,Y,3,0,1,2,A,-,09,21804,A,N,D,C,A,B,H,-,D,A,0,,,,,Y,,-,"- ",0,1,0,0,0,0,0,0,0,"- ","- ",34.253010000000003,-119.42521000000001,"SANTA BARBARA","SANTA BARBARA",-119.71442260000001,34.430627800000003
6283888,2013,2014-05-12,4203,2013-11-21,0650,6700,23,4,5,5,4203,0,0,0,,0,006,"CHINO ST","PEDREGOSA ST",0.00,,Y,B,-,N,,,,,,,,,,N,4,0,1,2,A,-,09,21802,A,N,D,C,A,B,H,-,B,A,0,,,,,Y,,A,07,0,0,1,0,0,0,0,0,0,"- ","- ",,,"SANTA BARBARA","SANTA BARBARA",-119.72242230000001,34.421504800000001
6283892,2013,2014-05-12,4203,2013-11-20,1729,9480,,3,5,5,4203,0,0,0,,0,006,"CLIFF DR","LA MARINA ST",0.00,,Y,C,-,N,,,,,,,,,,N,3,0,1,2,A,-,14,24400,,N,D,G,A,B,H,-,C,A,0,,Y,,,Y,,L,04,0,1,0,0,0,0,1,0,0,"- ","- ",34.241030000000002,-119.42267,"SANTA BARBARA","SANTA BARBARA",-119.7081424,34.4026949
6283896,2013,2014-05-12,4203,2013-11-20,2214,6495,,3,5,5,4203,0,0,0,,0,004,"CARRILLO ST","CASTILLO ST",10.00,W,N,C,-,N,,,,,,,,,,N,4,0,1,2,A,-,12,21453,A,N,G,B,B,B,G,-,C,A,0,Y,,,,Y,,-,"- ",0,0,1,0,1,0,0,0,0,"- ","- ",34.251399999999997,-119.42072,"SANTA BARBARA","SANTA BARBARA",-119.7064149,34.417264600000003
6283900,2013,2014-05-12,4203,2013-11-21,1023,7083,4203,4,5,5,4203,0,0,0,,0,004,"STATE ST","PADRE ST",0.00,,Y,B,-,N,,,,,,,,,,N,3,0,1,3,A,-,09,21801,A,N,B,C,A,B,H,-,A,D,0,,,,,Y,,-,"- ",0,1,0,0,0,0,0,0,0,"- ","- ",34.255400000000002,-119.42570000000001,"SANTA BARBARA","SANTA BARBARA",-119.7159924,34.4317949
6283904,2013,2014-05-12,4203,2013-11-26,1106,6983,,2,5,5,4203,0,0,0,,0,004,"DE LA VINA ST","ARRELLAGA ST",0.00,,Y,A,-,N,,,,,,,,,,Y,4,0,1,2,A,-,09,21802,A,N,D,C,A,A,H,-,A,D,0,,,,,Y,,-,"- ",0,0,1,0,0,0,0,0,0,"- ","- ",35.252969999999998,-119.42422999999999,"SANTA BARBARA","SANTA BARBARA",-119.71183240000001,34.425014900000001
6283908,2013,2014-05-12,4203,2013-11-27,1703,6969,,3,5,5,4203,0,0,0,,0,006,"MISSION ST","MODOC RD",0.00,,Y,A,-,N,,,,,,,,,,N,3,0,1,2,A,-,10,21950,A,N,D,B,B,A,H,-,B,D,0,Y,,,,Y,,-,"- ",0,1,0,0,1,0,0,0,0,"- ","- ",34.252499999999998,-119.4319,"SANTA BARBARA","SANTA BARBARA",-119.7220124,34.423834900000003
6285842,2013,2014-05-07,4202,2013-11-08,1535,234,LOMPO,5,5,4,4202,0,0,0,,0,,"RT 1","LIGHT POLE 22210",19.00,S,N,A,-,Y,SB,5,1,-,-,22.200,H,-,S,Y,4,0,1,2,A,-,"- ",,,N,D,C,A,A,H,-,A,A,0,,,,,Y,,A,07,0,0,1,0,0,0,0,0,0,"- ","- ",,,"SANTA BARBARA",LOMPOC,-120.45778540000001,34.664893999999997
6287477,2013,2014-05-17,4200,2013-12-11,1850,4417,10,3,5,3,4205,0,0,0,,0,030,"VIA REAL","RINCON RD",139.00,W,N,A,-,N,,,,,,,,,,Y,3,0,1,2,A,-,05,21460,A,N,D,C,A,A,H,-,D,D,0,,,,,Y,,A,01,0,1,0,0,0,0,0,0,0,"- ","- ",,,"SANTA BARBARA",CARPINTERIA,-119.4803579,34.384812599999997
6294504,2013,2014-04-18,4204,2013-10-16,1623,18261,40,3,5,5,4204,0,0,0,,0,002,"RUSSELL AV",BARRETT,0.00,,Y,A,-,N,,,,,,,,,,Y,3,0,1,2,A,-,08,22103,,N,D,C,A,A,H,-,A,D,0,,,Y,,Y,,A,01,0,1,0,0,0,0,0,0,1,"- ","- ",,,"SANTA BARBARA","SANTA MARIA",-120.4515725,34.950474800000002
6294508,2013,2014-04-18,4204,2013-10-13,0955,23471,82,7,5,5,4204,0,0,0,,0,003,BROADWAY,BETTERAVIA,0.00,,Y,A,-,Y,SB,5,135,-,-,13.540,I,5,N,Y,4,0,2,2,A,-,12,21453,A,N,B,C,A,A,H,-,A,A,0,,,,,Y,,-,"- ",0,0,2,0,0,0,0,0,0,"- ","- ",,,"SANTA BARBARA","SANTA MARIA",-120.4359426,34.920764900000002
6294512,2013,2014-04-18,4204,2013-10-13,1651,90232,27,7,5,5,4204,0,0,0,,0,001,MCCLELLAND,TUNNELL,90.00,N,N,A,-,N,,,,,,,,,,N,3,0,1,2,A,-,11,21954,A,N,G,B,D,A,H,-,A,A,0,Y,,,,Y,,N,60,0,1,0,0,1,0,0,0,0,"- ","- ",,,"SANTA BARBARA","SANTA MARIA",-120.43416430000001,34.957751600000002
6294516,2013,2014-04-18,4204,2013-10-14,1629,90139,14,1,5,5,4204,0,0,0,,0,001,ORCHARD,CURRYER,0.00,,Y,A,-,N,,,,,,,,,,N,4,0,1,2,A,-,09,21802,A,N,D,C,A,A,H,-,A,D,0,,,,,Y,,-,"- ",0,0,1,0,0,0,0,0,0,"- ","- ",,,"SANTA BARBARA","SANTA MARIA",-120.4419225,34.965914900000001
6294520,2013,2014-04-18,4204,2013-10-10,1525,18455,,4,5,5,4204,0,0,0,,0,003,BROADWAY,CARMEN,0.00,,Y,A,-,Y,SB,5,135,-,-,13.810,I,5,N,N,4,0,1,2,A,-,12,21453,A,N,D,C,A,A,H,-,A,A,0,,,,,Y,,-,"- ",0,0,1,0,0,0,0,0,0,"- ","- ",,,"SANTA BARBARA","SANTA MARIA",-120.43595259999999,34.924602899999996
6294524,2013,2014-04-18,4204,2013-10-10,1838,90181,82,4,5,5,4204,0,0,0,,0,003,MCCOY,BROADWAY,27.00,N,N,A,-,Y,SB,5,135,-,-,13.260,I,6,N,Y,3,0,2,2,A,-,09,21804,A,N,D,C,A,A,H,-,B,A,0,,,,,Y,,-,"- ",0,1,1,0,0,0,0,0,0,"- ","- ",,,"SANTA BARBARA","SANTA MARIA",-120.43592219999999,34.916601900000003
6294528,2013,2014-04-18,4204,2013-10-09,1618,23656,27,3,5,5,4204,0,0,0,,0,001,BROADWAY,TUNNELL,0.00,,Y,C,-,Y,SB,5,135,-,-,16.080,I,5,S,Y,4,0,1,2,A,-,09,21802,A,N,D,C,A,B,H,-,A,A,0,,,,,Y,,A,01,0,0,1,0,0,0,0,0,0,"- ","- ",,,"SANTA BARBARA","SANTA MARIA",-120.4358726,34.9574924
6294532,2013,2014-04-18,4204,2013-10-08,1605,23656,34,2,5,5,4204,0,0,0,,0,002,BROADWAY,MAIN,145.00,S,N,A,-,Y,SB,5,135,-,-,15.740,H,-,N,Y,3,0,1,2,A,-,09,21804,,N,D,C,A,A,H,-,A,A,0,,,,,Y,,A,07,0,1,0,0,0,0,0,0,0,"- ","- ",,,"SANTA BARBARA","SANTA MARIA",-120.4357926,34.952587800000003
6294536,2013,2014-04-18,4204,2013-10-07,1728,90082,63,1,5,5,4204,0,0,0,,0,003,"BLACK RD",STOWELL,2323.00,N,N,A,-,N,,,,,,,,,,Y,3,0,1,1,A,-,08,22107,,N,F,A,A,A,H,-,A,A,0,,,,,Y,,-,"- ",0,1,0,0,0,0,0,0,0,"- ","- ",34.944940000000003,-120.48993,"SANTA BARBARA","SANTA MARIA",-120.4897938,34.944925099999999
6294555,2013,2014-04-18,4204,2013-10-05,1912,90082,98,6,5,5,4204,0,0,0,,0,099,"BLACK RD","MAIN ST",1954.00,S,N,A,-,N,,,,,,,,,,Y,3,0,1,2,A,-,05,21460,A,N,B,C,A,A,H,-,D,A,0,,,,,Y,,-,"- ",0,1,0,0,0,0,0,0,0,"- ","- ",,,"SANTA BARBARA","SANTA MARIA",-120.4897108,34.949958600000002